  0
SECTION
  2
HEADER
  9
$ACADVER
  1
AC1024
  9
$ACADMAINTVER
 70
6
  9
$DWGCODEPAGE
  3
ANSI_1252
  9
$LASTSAVEDBY
  1
ezdxf
  9
$INSBASE
 10
0.0
 20
0.0
 30
0.0
  9
$EXTMIN
 10
1e+20
 20
1e+20
 30
1e+20
  9
$EXTMAX
 10
-1e+20
 20
-1e+20
 30
-1e+20
  9
$LIMMIN
 10
0.0
 20
0.0
  9
$LIMMAX
 10
420.0
 20
297.0
  9
$ORTHOMODE
 70
0
  9
$REGENMODE
 70
1
  9
$FILLMODE
 70
1
  9
$QTEXTMODE
 70
0
  9
$MIRRTEXT
 70
1
  9
$LTSCALE
 40
1.0
  9
$ATTMODE
 70
1
  9
$TEXTSIZE
 40
2.5
  9
$TRACEWID
 40
1.0
  9
$TEXTSTYLE
  7
Standard
  9
$CLAYER
  8
0
  9
$CELTYPE
  6
ByLayer
  9
$CECOLOR
 62
256
  9
$CELTSCALE
 40
1.0
  9
$DISPSILH
 70
0
  9
$DIMSCALE
 40
1.0
  9
$DIMASZ
 40
2.5
  9
$DIMEXO
 40
0.625
  9
$DIMDLI
 40
3.75
  9
$DIMRND
 40
0.0
  9
$DIMDLE
 40
0.0
  9
$DIMEXE
 40
1.25
  9
$DIMTP
 40
0.0
  9
$DIMTM
 40
0.0
  9
$DIMTXT
 40
2.5
  9
$DIMCEN
 40
2.5
  9
$DIMTSZ
 40
0.0
  9
$DIMTOL
 70
0
  9
$DIMLIM
 70
0
  9
$DIMTIH
 70
0
  9
$DIMTOH
 70
0
  9
$DIMSE1
 70
0
  9
$DIMSE2
 70
0
  9
$DIMTAD
 70
1
  9
$DIMZIN
 70
8
  9
$DIMBLK
  1

  9
$DIMASO
 70
1
  9
$DIMSHO
 70
1
  9
$DIMPOST
  1

  9
$DIMAPOST
  1

  9
$DIMALT
 70
0
  9
$DIMALTD
 70
3
  9
$DIMALTF
 40
0.03937007874
  9
$DIMLFAC
 40
1.0
  9
$DIMTOFL
 70
1
  9
$DIMTVP
 40
0.0
  9
$DIMTIX
 70
0
  9
$DIMSOXD
 70
0
  9
$DIMSAH
 70
0
  9
$DIMBLK1
  1

  9
$DIMBLK2
  1

  9
$DIMSTYLE
  2
ISO-25
  9
$DIMCLRD
 70
0
  9
$DIMCLRE
 70
0
  9
$DIMCLRT
 70
0
  9
$DIMTFAC
 40
1.0
  9
$DIMGAP
 40
0.625
  9
$DIMJUST
 70
0
  9
$DIMSD1
 70
0
  9
$DIMSD2
 70
0
  9
$DIMTOLJ
 70
0
  9
$DIMTZIN
 70
8
  9
$DIMALTZ
 70
0
  9
$DIMALTTZ
 70
0
  9
$DIMUPT
 70
0
  9
$DIMDEC
 70
2
  9
$DIMTDEC
 70
2
  9
$DIMALTU
 70
2
  9
$DIMALTTD
 70
3
  9
$DIMTXSTY
  7
Standard
  9
$DIMAUNIT
 70
0
  9
$DIMADEC
 70
0
  9
$DIMALTRND
 40
0.0
  9
$DIMAZIN
 70
0
  9
$DIMDSEP
 70
44
  9
$DIMATFIT
 70
3
  9
$DIMFRAC
 70
0
  9
$DIMLDRBLK
  1

  9
$DIMLUNIT
 70
2
  9
$DIMLWD
 70
-2
  9
$DIMLWE
 70
-2
  9
$DIMTMOVE
 70
0
  9
$DIMFXL
 40
1.0
  9
$DIMFXLON
 70
0
  9
$DIMJOGANG
 40
0.785398163397
  9
$DIMTFILL
 70
0
  9
$DIMTFILLCLR
 70
0
  9
$DIMARCSYM
 70
0
  9
$DIMLTYPE
  6

  9
$DIMLTEX1
  6

  9
$DIMLTEX2
  6

  9
$DIMTXTDIRECTION
 70
0
  9
$LUNITS
 70
2
  9
$LUPREC
 70
4
  9
$SKETCHINC
 40
1.0
  9
$FILLETRAD
 40
10.0
  9
$AUNITS
 70
0
  9
$AUPREC
 70
2
  9
$MENU
  1
.
  9
$ELEVATION
 40
0.0
  9
$PELEVATION
 40
0.0
  9
$THICKNESS
 40
0.0
  9
$LIMCHECK
 70
0
  9
$CHAMFERA
 40
0.0
  9
$CHAMFERB
 40
0.0
  9
$CHAMFERC
 40
0.0
  9
$CHAMFERD
 40
0.0
  9
$SKPOLY
 70
0
  9
$TDCREATE
 40
2461320.570150463
  9
$TDUCREATE
 40
2458532.153996898
  9
$TDUPDATE
 40
2461320.570150463
  9
$TDUUPDATE
 40
2458532.1544311
  9
$TDINDWG
 40
0.0
  9
$TDUSRTIMER
 40
0.0
  9
$USRTIMER
 70
1
  9
$ANGBASE
 50
0.0
  9
$ANGDIR
 70
0
  9
$PDMODE
 70
0
  9
$PDSIZE
 40
0.0
  9
$PLINEWID
 40
0.0
  9
$SPLFRAME
 70
0
  9
$SPLINETYPE
 70
6
  9
$SPLINESEGS
 70
8
  9
$HANDSEED
  5
58F
  9
$SURFTAB1
 70
6
  9
$SURFTAB2
 70
6
  9
$SURFTYPE
 70
6
  9
$SURFU
 70
6
  9
$SURFV
 70
6
  9
$UCSBASE
  2

  9
$UCSNAME
  2

  9
$UCSORG
 10
0.0
 20
0.0
 30
0.0
  9
$UCSXDIR
 10
1.0
 20
0.0
 30
0.0
  9
$UCSYDIR
 10
0.0
 20
1.0
 30
0.0
  9
$UCSORTHOREF
  2

  9
$UCSORTHOVIEW
 70
0
  9
$UCSORGTOP
 10
0.0
 20
0.0
 30
0.0
  9
$UCSORGBOTTOM
 10
0.0
 20
0.0
 30
0.0
  9
$UCSORGLEFT
 10
0.0
 20
0.0
 30
0.0
  9
$UCSORGRIGHT
 10
0.0
 20
0.0
 30
0.0
  9
$UCSORGFRONT
 10
0.0
 20
0.0
 30
0.0
  9
$UCSORGBACK
 10
0.0
 20
0.0
 30
0.0
  9
$PUCSBASE
  2

  9
$PUCSNAME
  2

  9
$PUCSORG
 10
0.0
 20
0.0
 30
0.0
  9
$PUCSXDIR
 10
1.0
 20
0.0
 30
0.0
  9
$PUCSYDIR
 10
0.0
 20
1.0
 30
0.0
  9
$PUCSORTHOREF
  2

  9
$PUCSORTHOVIEW
 70
0
  9
$PUCSORGTOP
 10
0.0
 20
0.0
 30
0.0
  9
$PUCSORGBOTTOM
 10
0.0
 20
0.0
 30
0.0
  9
$PUCSORGLEFT
 10
0.0
 20
0.0
 30
0.0
  9
$PUCSORGRIGHT
 10
0.0
 20
0.0
 30
0.0
  9
$PUCSORGFRONT
 10
0.0
 20
0.0
 30
0.0
  9
$PUCSORGBACK
 10
0.0
 20
0.0
 30
0.0
  9
$USERI1
 70
0
  9
$USERI2
 70
0
  9
$USERI3
 70
0
  9
$USERI4
 70
0
  9
$USERI5
 70
0
  9
$USERR1
 40
0.0
  9
$USERR2
 40
0.0
  9
$USERR3
 40
0.0
  9
$USERR4
 40
0.0
  9
$USERR5
 40
0.0
  9
$WORLDVIEW
 70
1
  9
$SHADEDGE
 70
3
  9
$SHADEDIF
 70
70
  9
$TILEMODE
 70
1
  9
$MAXACTVP
 70
64
  9
$PINSBASE
 10
0.0
 20
0.0
 30
0.0
  9
$PLIMCHECK
 70
0
  9
$PEXTMIN
 10
1e+20
 20
1e+20
 30
1e+20
  9
$PEXTMAX
 10
-1e+20
 20
-1e+20
 30
-1e+20
  9
$PLIMMIN
 10
-0.0
 20
-0.0
  9
$PLIMMAX
 10
420.0
 20
297.0
  9
$UNITMODE
 70
0
  9
$VISRETAIN
 70
1
  9
$PLINEGEN
 70
0
  9
$PSLTSCALE
 70
0
  9
$TREEDEPTH
 70
3020
  9
$CMLSTYLE
  2
Standard
  9
$CMLJUST
 70
0
  9
$CMLSCALE
 40
20.0
  9
$PROXYGRAPHICS
 70
1
  9
$MEASUREMENT
 70
1
  9
$CELWEIGHT
370
-1
  9
$ENDCAPS
280
0
  9
$JOINSTYLE
280
0
  9
$LWDISPLAY
290
1
  9
$INSUNITS
 70
6
  9
$HYPERLINKBASE
  1

  9
$STYLESHEET
  1

  9
$XEDIT
290
1
  9
$CEPSNTYPE
380
0
  9
$PSTYLEMODE
290
1
  9
$FINGERPRINTGUID
  2
{2017856A-A511-4D8C-92DE-AD003D59AC97}
  9
$VERSIONGUID
  2
{25394B64-C956-47F2-B3F5-E1162B56A683}
  9
$EXTNAMES
290
1
  9
$PSVPSCALE
 40
0.0
  9
$OLESTARTUP
290
0
  9
$SORTENTS
280
127
  9
$INDEXCTL
280
0
  9
$HIDETEXT
280
1
  9
$XCLIPFRAME
280
1
  9
$HALOGAP
280
0
  9
$OBSCOLOR
 70
257
  9
$OBSLTYPE
280
0
  9
$INTERSECTIONDISPLAY
280
0
  9
$INTERSECTIONCOLOR
 70
257
  9
$DIMASSOC
280
2
  9
$PROJECTNAME
  1

  9
$CAMERADISPLAY
290
0
  9
$LENSLENGTH
 40
50.0
  9
$CAMERAHEIGHT
 40
0.0
  9
$STEPSPERSEC
 40
24.0
  9
$STEPSIZE
 40
100.0
  9
$3DDWFPREC
 40
2.0
  9
$PSOLWIDTH
 40
0.005
  9
$PSOLHEIGHT
 40
0.08
  9
$LOFTANG1
 40
1.570796326795
  9
$LOFTANG2
 40
1.570796326795
  9
$LOFTMAG1
 40
0.0
  9
$LOFTMAG2
 40
0.0
  9
$LOFTPARAM
 70
7
  9
$LOFTNORMALS
280
1
  9
$LATITUDE
 40
37.795
  9
$LONGITUDE
 40
-122.394
  9
$NORTHDIRECTION
 40
0.0
  9
$TIMEZONE
 70
-8000
  9
$LIGHTGLYPHDISPLAY
280
1
  9
$TILEMODELIGHTSYNCH
280
1
  9
$CMATERIAL
347
20
  9
$SOLIDHIST
280
0
  9
$SHOWHIST
280
1
  9
$DWFFRAME
280
2
  9
$DGNFRAME
280
2
  9
$REALWORLDSCALE
290
1
  9
$INTERFERECOLOR
 62
256
  9
$CSHADOW
280
0
  9
$SHADOWPLANELOCATION
 40
0.0
  0
ENDSEC
  0
SECTION
  2
CLASSES
  0
CLASS
  1
ACDBDICTIONARYWDFLT
  2
AcDbDictionaryWithDefault
  3
ObjectDBX Classes
 90
0
 91
0
280
0
281
0
  0
CLASS
  1
SUN
  2
AcDbSun
  3
SCENEOE
 90
1153
 91
0
280
0
281
0
  0
CLASS
  1
VISUALSTYLE
  2
AcDbVisualStyle
  3
ObjectDBX Classes
 90
4095
 91
0
280
0
281
0
  0
CLASS
  1
MATERIAL
  2
AcDbMaterial
  3
ObjectDBX Classes
 90
1153
 91
0
280
0
281
0
  0
CLASS
  1
SCALE
  2
AcDbScale
  3
ObjectDBX Classes
 90
1153
 91
0
280
0
281
0
  0
CLASS
  1
TABLESTYLE
  2
AcDbTableStyle
  3
ObjectDBX Classes
 90
4095
 91
0
280
0
281
0
  0
CLASS
  1
MLEADERSTYLE
  2
AcDbMLeaderStyle
  3
ACDB_MLEADERSTYLE_CLASS
 90
4095
 91
0
280
0
281
0
  0
CLASS
  1
DICTIONARYVAR
  2
AcDbDictionaryVar
  3
ObjectDBX Classes
 90
0
 91
0
280
0
281
0
  0
CLASS
  1
CELLSTYLEMAP
  2
AcDbCellStyleMap
  3
ObjectDBX Classes
 90
1152
 91
0
280
0
281
0
  0
CLASS
  1
MENTALRAYRENDERSETTINGS
  2
AcDbMentalRayRenderSettings
  3
SCENEOE
 90
1024
 91
0
280
0
281
0
  0
CLASS
  1
ACDBDETAILVIEWSTYLE
  2
AcDbDetailViewStyle
  3
ObjectDBX Classes
 90
1025
 91
0
280
0
281
0
  0
CLASS
  1
ACDBSECTIONVIEWSTYLE
  2
AcDbSectionViewStyle
  3
ObjectDBX Classes
 90
1025
 91
0
280
0
281
0
  0
CLASS
  1
RASTERVARIABLES
  2
AcDbRasterVariables
  3
ISM
 90
0
 91
0
280
0
281
0
  0
CLASS
  1
LAYOUT
  2
AcDbLayout
  3
ObjectDBX Classes
 90
0
 91
0
280
0
281
0
  0
CLASS
  1
ACDBPLACEHOLDER
  2
AcDbPlaceHolder
  3
ObjectDBX Classes
 90
0
 91
0
280
0
281
0
  0
ENDSEC
  0
SECTION
  2
TABLES
  0
TABLE
  2
VPORT
  5
8
330
0
100
AcDbSymbolTable
 70
1
  0
VPORT
  5
23
330
8
100
AcDbSymbolTableRecord
100
AcDbViewportTableRecord
  2
*Active
 70
0
 10
0.0
 20
0.0
 11
1.0
 21
1.0
 12
0.0
 22
0.0
 13
0.0
 23
0.0
 14
0.5
 24
0.5
 15
0.5
 25
0.5
 16
0.0
 26
0.0
 36
1.0
 17
0.0
 27
0.0
 37
0.0
 40
1000.0
 41
1.34
 42
50.0
 43
0.0
 44
0.0
 50
0.0
 51
0.0
 71
0
 72
1000
 73
1
 74
3
 75
0
 76
0
 77
0
 78
0
281
0
 65
0
146
0.0
  0
ENDTAB
  0
TABLE
  2
LTYPE
  5
2
330
0
100
AcDbSymbolTable
 70
21
  0
LTYPE
  5
24
330
2
100
AcDbSymbolTableRecord
100
AcDbLinetypeTableRecord
  2
ByBlock
 70
0
  3

 72
65
 73
0
 40
0.0
  0
LTYPE
  5
25
330
2
100
AcDbSymbolTableRecord
100
AcDbLinetypeTableRecord
  2
ByLayer
 70
0
  3

 72
65
 73
0
 40
0.0
  0
LTYPE
  5
26
330
2
100
AcDbSymbolTableRecord
100
AcDbLinetypeTableRecord
  2
Continuous
 70
0
  3

 72
65
 73
0
 40
0.0
  0
LTYPE
  5
2F
330
2
100
AcDbSymbolTableRecord
100
AcDbLinetypeTableRecord
  2
CENTER
 70
0
  3
Center ____ _ ____ _ ____ _ ____ _ ____ _ ____
 72
65
 73
4
 40
5.08
 49
3.175
 74
0
 49
-0.635
 74
0
 49
0.635
 74
0
 49
-0.635
 74
0
  0
LTYPE
  5
30
330
2
100
AcDbSymbolTableRecord
100
AcDbLinetypeTableRecord
  2
CENTERX2
 70
0
  3
Center (2x) ________  __  ________  __  ________
 72
65
 73
4
 40
8.89
 49
6.35
 74
0
 49
-0.635
 74
0
 49
1.27
 74
0
 49
-0.635
 74
0
  0
LTYPE
  5
31
330
2
100
AcDbSymbolTableRecord
100
AcDbLinetypeTableRecord
  2
CENTER2
 70
0
  3
Center (.5x) ____ _ ____ _ ____ _ ____ _ ____
 72
65
 73
4
 40
2.54
 49
1.587
 74
0
 49
-0.318
 74
0
 49
0.318
 74
0
 49
-0.318
 74
0
  0
LTYPE
  5
32
330
2
100
AcDbSymbolTableRecord
100
AcDbLinetypeTableRecord
  2
DASHED
 70
0
  3
Dashed __ __ __ __ __ __ __ __ __ __ __ __ __ _
 72
65
 73
2
 40
1.524
 49
1.27
 74
0
 49
-0.254
 74
0
  0
LTYPE
  5
33
330
2
100
AcDbSymbolTableRecord
100
AcDbLinetypeTableRecord
  2
DASHEDX2
 70
0
  3
Dashed (2x) ____  ____  ____  ____  ____  ____
 72
65
 73
2
 40
3.048
 49
2.54
 74
0
 49
-0.508
 74
0
  0
LTYPE
  5
34
330
2
100
AcDbSymbolTableRecord
100
AcDbLinetypeTableRecord
  2
DASHED2
 70
0
  3
Dashed (.5x) _ _ _ _ _ _ _ _ _ _ _ _ _ _
 72
65
 73
2
 40
0.762
 49
0.635
 74
0
 49
-0.127
 74
0
  0
LTYPE
  5
35
330
2
100
AcDbSymbolTableRecord
100
AcDbLinetypeTableRecord
  2
PHANTOM
 70
0
  3
Phantom ______  __  __  ______  __  __  ______
 72
65
 73
6
 40
6.35
 49
3.175
 74
0
 49
-0.635
 74
0
 49
0.635
 74
0
 49
-0.635
 74
0
 49
0.635
 74
0
 49
-0.635
 74
0
  0
LTYPE
  5
36
330
2
100
AcDbSymbolTableRecord
100
AcDbLinetypeTableRecord
  2
PHANTOMX2
 70
0
  3
Phantom (2x)____________    ____    ____    ____________
 72
65
 73
6
 40
10.795
 49
6.35
 74
0
 49
-0.635
 74
0
 49
1.27
 74
0
 49
-0.635
 74
0
 49
1.27
 74
0
 49
-0.635
 74
0
  0
LTYPE
  5
37
330
2
100
AcDbSymbolTableRecord
100
AcDbLinetypeTableRecord
  2
PHANTOM2
 70
0
  3
Phantom (.5x) ___ _ _ ___ _ _ ___ _ _ ___ _ _ ___
 72
65
 73
6
 40
3.175
 49
1.587
 74
0
 49
-0.318
 74
0
 49
0.318
 74
0
 49
-0.318
 74
0
 49
0.318
 74
0
 49
-0.318
 74
0
  0
LTYPE
  5
38
330
2
100
AcDbSymbolTableRecord
100
AcDbLinetypeTableRecord
  2
DASHDOT
 70
0
  3
Dash dot __ . __ . __ . __ . __ . __ . __ . __
 72
65
 73
4
 40
3.556
 49
2.54
 74
0
 49
-0.508
 74
0
 49
0.0
 74
0
 49
-0.508
 74
0
  0
LTYPE
  5
39
330
2
100
AcDbSymbolTableRecord
100
AcDbLinetypeTableRecord
  2
DASHDOTX2
 70
0
  3
Dash dot (2x) ____  .  ____  .  ____  .  ____
 72
65
 73
4
 40
6.096
 49
5.08
 74
0
 49
-0.508
 74
0
 49
0.0
 74
0
 49
-0.508
 74
0
  0
LTYPE
  5
3A
330
2
100
AcDbSymbolTableRecord
100
AcDbLinetypeTableRecord
  2
DASHDOT2
 70
0
  3
Dash dot (.5x) _ . _ . _ . _ . _ . _ . _ . _
 72
65
 73
4
 40
1.778
 49
1.27
 74
0
 49
-0.254
 74
0
 49
0.0
 74
0
 49
-0.254
 74
0
  0
LTYPE
  5
3B
330
2
100
AcDbSymbolTableRecord
100
AcDbLinetypeTableRecord
  2
DOT
 70
0
  3
Dot .  .  .  .  .  .  .  .  .  .  .  .  .  .  .  .
 72
65
 73
2
 40
0.508
 49
0.0
 74
0
 49
-0.508
 74
0
  0
LTYPE
  5
3C
330
2
100
AcDbSymbolTableRecord
100
AcDbLinetypeTableRecord
  2
DOTX2
 70
0
  3
Dot (2x) .    .    .    .    .    .    .    . 
 72
65
 73
2
 40
1.016
 49
0.0
 74
0
 49
-1.016
 74
0
  0
LTYPE
  5
3D
330
2
100
AcDbSymbolTableRecord
100
AcDbLinetypeTableRecord
  2
DOT2
 70
0
  3
Dot (.5) . . . . . . . . . . . . . . . . . . . 
 72
65
 73
2
 40
0.254
 49
0.0
 74
0
 49
-0.254
 74
0
  0
LTYPE
  5
3E
330
2
100
AcDbSymbolTableRecord
100
AcDbLinetypeTableRecord
  2
DIVIDE
 70
0
  3
Divide __ . . __ . . __ . . __ . . __ . . __
 72
65
 73
6
 40
4.064
 49
2.54
 74
0
 49
-0.508
 74
0
 49
0.0
 74
0
 49
-0.508
 74
0
 49
0.0
 74
0
 49
-0.508
 74
0
  0
LTYPE
  5
3F
330
2
100
AcDbSymbolTableRecord
100
AcDbLinetypeTableRecord
  2
DIVIDEX2
 70
0
  3
Divide (2x) ____  . .  ____  . .  ____  . .  ____
 72
65
 73
6
 40
6.604
 49
5.08
 74
0
 49
-0.508
 74
0
 49
0.0
 74
0
 49
-0.508
 74
0
 49
0.0
 74
0
 49
-0.508
 74
0
  0
LTYPE
  5
40
330
2
100
AcDbSymbolTableRecord
100
AcDbLinetypeTableRecord
  2
DIVIDE2
 70
0
  3
Divide(.5x) _ . _ . _ . _ . _ . _ . _ . _
 72
65
 73
6
 40
2.032
 49
1.27
 74
0
 49
-0.254
 74
0
 49
0.0
 74
0
 49
-0.254
 74
0
 49
0.0
 74
0
 49
-0.254
 74
0
  0
ENDTAB
  0
TABLE
  2
LAYER
  5
1
330
0
100
AcDbSymbolTable
 70
19
  0
LAYER
  5
27
330
1
100
AcDbSymbolTableRecord
100
AcDbLayerTableRecord
  2
0
 70
0
 62
7
  6
Continuous
370
-3
390
13
347
21
  0
LAYER
  5
28
330
1
100
AcDbSymbolTableRecord
100
AcDbLayerTableRecord
  2
Defpoints
 70
0
 62
7
  6
Continuous
290
0
370
-3
390
13
347
21
  0
LAYER
  5
42
330
1
100
AcDbSymbolTableRecord
100
AcDbLayerTableRecord
  2
Сетка
 70
0
 62
7
  6
Continuous
370
25
390
13
347
21
  0
LAYER
  5
43
330
1
100
AcDbSymbolTableRecord
100
AcDbLayerTableRecord
  2
ЛНР
 70
0
 62
1
  6
Continuous
370
70
390
13
347
21
  0
LAYER
  5
44
330
1
100
AcDbSymbolTableRecord
100
AcDbLayerTableRecord
  2
Отметки
 70
0
 62
5
  6
Continuous
370
18
390
13
347
21
  0
LAYER
  5
45
330
1
100
AcDbSymbolTableRecord
100
AcDbLayerTableRecord
  2
Номера_фигур
 70
0
 62
7
  6
Continuous
370
25
390
13
347
21
  0
LAYER
  5
46
330
1
100
AcDbSymbolTableRecord
100
AcDbLayerTableRecord
  2
ПВ_ПН
 70
0
 62
7
  6
Continuous
370
35
390
13
347
21
  0
LAYER
  5
47
330
1
100
AcDbSymbolTableRecord
100
AcDbLayerTableRecord
  2
ПВ_штриховка
 70
0
 62
8
  6
Continuous
370
13
390
13
347
21
  0
LAYER
  5
48
330
1
100
AcDbSymbolTableRecord
100
AcDbLayerTableRecord
  2
Размеры
 70
0
 62
3
  6
Continuous
370
18
390
13
347
21
  0
LAYER
  5
49
330
1
100
AcDbSymbolTableRecord
100
AcDbLayerTableRecord
  2
Рамка
 70
0
 62
7
  6
Continuous
370
70
390
13
347
21
  0
LAYER
  5
4A
330
1
100
AcDbSymbolTableRecord
100
AcDbLayerTableRecord
  2
Штамп
 70
0
 62
7
  6
Continuous
370
25
390
13
347
21
  0
LAYER
  5
4B
330
1
100
AcDbSymbolTableRecord
100
AcDbLayerTableRecord
  2
Надписи
 70
0
 62
7
  6
Continuous
370
25
390
13
347
21
  0
LAYER
  5
4C
330
1
100
AcDbSymbolTableRecord
100
AcDbLayerTableRecord
  2
Видовой_экран
 70
0
 62
8
  6
Continuous
290
0
370
13
390
13
347
21
  0
LAYER
  5
4D
330
1
100
AcDbSymbolTableRecord
100
AcDbLayerTableRecord
  2
Котлован
 70
0
 62
6
  6
Continuous
370
50
390
13
347
21
  0
LAYER
  5
4E
330
1
100
AcDbSymbolTableRecord
100
AcDbLayerTableRecord
  2
Котлован_низ
 70
0
 62
6
  6
Continuous
370
25
390
13
347
21
  0
LAYER
  5
4F
330
1
100
AcDbSymbolTableRecord
100
AcDbLayerTableRecord
  2
Бергштрихи
 70
0
 62
6
  6
Continuous
370
18
390
13
347
21
  0
LAYER
  5
50
330
1
100
AcDbSymbolTableRecord
100
AcDbLayerTableRecord
  2
Оси
 70
0
 62
7
  6
Continuous
370
18
390
13
347
21
  0
LAYER
  5
51
330
1
100
AcDbSymbolTableRecord
100
AcDbLayerTableRecord
  2
Конструкции
 70
0
 62
7
  6
Continuous
370
50
390
13
347
21
  0
LAYER
  5
52
330
1
100
AcDbSymbolTableRecord
100
AcDbLayerTableRecord
  2
Штриховка
 70
0
 62
8
  6
Continuous
370
13
390
13
347
21
  0
ENDTAB
  0
TABLE
  2
STYLE
  5
5
330
0
100
AcDbSymbolTable
 70
2
  0
STYLE
  5
29
330
5
100
AcDbSymbolTableRecord
100
AcDbTextStyleTableRecord
  2
Standard
 70
0
 40
0.0
 41
1.0
 50
0.0
 71
0
 42
2.5
  3
GOST_B.TTF
  4

1001
ACAD
1000
GOST type B
1071
34
  0
STYLE
  5
41
330
5
100
AcDbSymbolTableRecord
100
AcDbTextStyleTableRecord
  2
ГОСТ тип Б
 70
0
 40
0.0
 41
1.0
 50
0.0
 71
0
 42
2.5
  3
GOST_B.TTF
  4

1001
ACAD
1000
GOST type B
1071
34
  0
ENDTAB
  0
TABLE
  2
VIEW
  5
7
330
0
100
AcDbSymbolTable
 70
0
  0
ENDTAB
  0
TABLE
  2
UCS
  5
6
330
0
100
AcDbSymbolTable
 70
0
  0
ENDTAB
  0
TABLE
  2
APPID
  5
3
330
0
100
AcDbSymbolTable
 70
3
  0
APPID
  5
2A
330
3
100
AcDbSymbolTableRecord
100
AcDbRegAppTableRecord
  2
ACAD
 70
0
  0
APPID
  5
58C
330
3
100
AcDbSymbolTableRecord
100
AcDbRegAppTableRecord
  2
HATCHBACKGROUNDCOLOR
 70
0
  0
APPID
  5
58D
330
3
100
AcDbSymbolTableRecord
100
AcDbRegAppTableRecord
  2
EZDXF
 70
0
  0
ENDTAB
  0
TABLE
  2
DIMSTYLE
  5
4
330
0
100
AcDbSymbolTable
 70
4
100
AcDbDimStyleTable
  0
DIMSTYLE
105
2B
330
4
100
AcDbSymbolTableRecord
100
AcDbDimStyleTableRecord
  2
Standard
 70
0
 40
1.0
 41
2.5
 42
0.625
 43
3.75
 44
1.25
 45
0.0
 46
0.0
 47
0.0
 48
0.0
 49
2.5
140
2.5
141
2.5
142
0.0
143
0.03937007874
144
1.0
145
0.0
146
1.0
147
0.625
148
0.0
 69
0
 70
0
 71
0
 72
0
 73
0
 74
0
 75
0
 76
0
 77
1
 78
8
 79
3
170
0
171
3
172
1
173
0
174
0
175
0
176
0
177
0
178
0
179
2
271
2
272
2
273
2
274
3
275
0
276
0
277
2
278
44
279
0
280
0
281
0
282
0
283
0
284
8
285
0
286
0
288
0
289
3
290
0
371
-2
372
-2
  0
DIMSTYLE
105
53
330
4
100
AcDbSymbolTableRecord
100
AcDbDimStyleTableRecord
  2
М1-2000
 70
0
 40
2.0
 41
2.5
 42
0.0
 43
3.75
 44
1.5
 45
0.0
 46
0.0
 47
0.0
 48
0.0
 49
2.5
140
2.5
141
2.5
142
1.3
143
0.03937007874
144
1.0
145
0.0
146
1.0
147
0.8
148
0.0
 69
1
 70
0
 71
0
 72
0
 73
0
 74
0
 75
0
 76
0
 77
1
 78
8
 79
3
170
0
171
3
172
1
173
0
174
1
175
0
176
3
177
3
178
3
179
2
271
2
272
2
273
2
274
3
275
0
276
0
277
2
278
44
279
0
280
0
281
0
282
0
283
0
284
8
285
0
286
0
288
0
289
3
290
0
340
41
371
-2
372
-2
  0
DIMSTYLE
105
54
330
4
100
AcDbSymbolTableRecord
100
AcDbDimStyleTableRecord
  2
М1-500
 70
0
 40
0.5
 41
2.5
 42
0.0
 43
3.75
 44
1.5
 45
0.0
 46
0.0
 47
0.0
 48
0.0
 49
2.5
140
2.5
141
2.5
142
1.3
143
0.03937007874
144
1.0
145
0.0
146
1.0
147
0.8
148
0.0
 69
1
 70
0
 71
0
 72
0
 73
0
 74
0
 75
0
 76
0
 77
1
 78
8
 79
3
170
0
171
3
172
1
173
0
174
1
175
0
176
3
177
3
178
3
179
2
271
2
272
2
273
2
274
3
275
0
276
0
277
2
278
44
279
0
280
0
281
0
282
0
283
0
284
8
285
0
286
0
288
0
289
3
290
0
340
41
371
-2
372
-2
  0
DIMSTYLE
105
55
330
4
100
AcDbSymbolTableRecord
100
AcDbDimStyleTableRecord
  2
М1-50
 70
0
 40
0.05
 41
2.5
 42
0.0
 43
3.75
 44
1.5
 45
0.0
 46
0.0
 47
0.0
 48
0.0
 49
2.5
140
2.5
141
2.5
142
1.3
143
0.03937007874
144
1.0
145
0.0
146
1.0
147
0.8
148
0.0
 69
1
 70
0
 71
0
 72
0
 73
0
 74
0
 75
0
 76
0
 77
1
 78
8
 79
3
170
0
171
3
172
1
173
0
174
1
175
0
176
3
177
3
178
3
179
2
271
3
272
2
273
2
274
3
275
0
276
0
277
2
278
44
279
0
280
0
281
0
282
0
283
0
284
8
285
0
286
0
288
0
289
3
290
0
340
41
371
-2
372
-2
  0
ENDTAB
  0
TABLE
  2
BLOCK_RECORD
  5
9
330
0
100
AcDbSymbolTable
 70
50
  0
BLOCK_RECORD
  5
17
330
9
100
AcDbSymbolTableRecord
100
AcDbBlockTableRecord
  2
*Model_Space
340
1A
 70
0
280
1
281
0
  0
BLOCK_RECORD
  5
1B
330
9
100
AcDbSymbolTableRecord
100
AcDbBlockTableRecord
  2
*Paper_Space
340
1E
 70
0
280
1
281
0
  0
BLOCK_RECORD
  5
B4
330
9
100
AcDbSymbolTableRecord
100
AcDbBlockTableRecord
  2
*D1
340
0
 70
0
280
1
281
0
  0
BLOCK_RECORD
  5
B9
330
9
100
AcDbSymbolTableRecord
100
AcDbBlockTableRecord
  2
_OBLIQUE
340
0
 70
0
280
1
281
0
  0
BLOCK_RECORD
  5
C7
330
9
100
AcDbSymbolTableRecord
100
AcDbBlockTableRecord
  2
*D2
340
0
 70
0
280
1
281
0
  0
BLOCK_RECORD
  5
D6
330
9
100
AcDbSymbolTableRecord
100
AcDbBlockTableRecord
  2
*D3
340
0
 70
0
280
1
281
0
  0
BLOCK_RECORD
  5
E5
330
9
100
AcDbSymbolTableRecord
100
AcDbBlockTableRecord
  2
*D4
340
0
 70
0
280
1
281
0
  0
BLOCK_RECORD
  5
F4
330
9
100
AcDbSymbolTableRecord
100
AcDbBlockTableRecord
  2
*D5
340
0
 70
0
280
1
281
0
  0
BLOCK_RECORD
  5
103
330
9
100
AcDbSymbolTableRecord
100
AcDbBlockTableRecord
  2
*D6
340
0
 70
0
280
1
281
0
  0
BLOCK_RECORD
  5
112
330
9
100
AcDbSymbolTableRecord
100
AcDbBlockTableRecord
  2
*D7
340
0
 70
0
280
1
281
0
  0
BLOCK_RECORD
  5
121
330
9
100
AcDbSymbolTableRecord
100
AcDbBlockTableRecord
  2
*D8
340
0
 70
0
280
1
281
0
  0
BLOCK_RECORD
  5
130
330
9
100
AcDbSymbolTableRecord
100
AcDbBlockTableRecord
  2
*D9
340
0
 70
0
280
1
281
0
  0
BLOCK_RECORD
  5
13F
330
9
100
AcDbSymbolTableRecord
100
AcDbBlockTableRecord
  2
*D10
340
0
 70
0
280
1
281
0
  0
BLOCK_RECORD
  5
14E
330
9
100
AcDbSymbolTableRecord
100
AcDbBlockTableRecord
  2
*D11
340
0
 70
0
280
1
281
0
  0
BLOCK_RECORD
  5
15D
330
9
100
AcDbSymbolTableRecord
100
AcDbBlockTableRecord
  2
*D12
340
0
 70
0
280
1
281
0
  0
BLOCK_RECORD
  5
16C
330
9
100
AcDbSymbolTableRecord
100
AcDbBlockTableRecord
  2
*D13
340
0
 70
0
280
1
281
0
  0
BLOCK_RECORD
  5
17B
330
9
100
AcDbSymbolTableRecord
100
AcDbBlockTableRecord
  2
*D14
340
0
 70
0
280
1
281
0
  0
BLOCK_RECORD
  5
18A
330
9
100
AcDbSymbolTableRecord
100
AcDbBlockTableRecord
  2
*D15
340
0
 70
0
280
1
281
0
  0
BLOCK_RECORD
  5
199
330
9
100
AcDbSymbolTableRecord
100
AcDbBlockTableRecord
  2
*D16
340
0
 70
0
280
1
281
0
  0
BLOCK_RECORD
  5
1A8
330
9
100
AcDbSymbolTableRecord
100
AcDbBlockTableRecord
  2
*D17
340
0
 70
0
280
1
281
0
  0
BLOCK_RECORD
  5
1B7
330
9
100
AcDbSymbolTableRecord
100
AcDbBlockTableRecord
  2
*D18
340
0
 70
0
280
1
281
0
  0
BLOCK_RECORD
  5
1C6
330
9
100
AcDbSymbolTableRecord
100
AcDbBlockTableRecord
  2
*D19
340
0
 70
0
280
1
281
0
  0
BLOCK_RECORD
  5
1D5
330
9
100
AcDbSymbolTableRecord
100
AcDbBlockTableRecord
  2
*D20
340
0
 70
0
280
1
281
0
  0
BLOCK_RECORD
  5
1E4
330
9
100
AcDbSymbolTableRecord
100
AcDbBlockTableRecord
  2
*D21
340
0
 70
0
280
1
281
0
  0
BLOCK_RECORD
  5
1F3
330
9
100
AcDbSymbolTableRecord
100
AcDbBlockTableRecord
  2
*D22
340
0
 70
0
280
1
281
0
  0
BLOCK_RECORD
  5
202
330
9
100
AcDbSymbolTableRecord
100
AcDbBlockTableRecord
  2
*D23
340
0
 70
0
280
1
281
0
  0
BLOCK_RECORD
  5
211
330
9
100
AcDbSymbolTableRecord
100
AcDbBlockTableRecord
  2
*D24
340
0
 70
0
280
1
281
0
  0
BLOCK_RECORD
  5
220
330
9
100
AcDbSymbolTableRecord
100
AcDbBlockTableRecord
  2
*D25
340
0
 70
0
280
1
281
0
  0
BLOCK_RECORD
  5
22F
330
9
100
AcDbSymbolTableRecord
100
AcDbBlockTableRecord
  2
*D26
340
0
 70
0
280
1
281
0
  0
BLOCK_RECORD
  5
37C
330
9
100
AcDbSymbolTableRecord
100
AcDbBlockTableRecord
  2
*D27
340
0
 70
0
280
1
281
0
  0
BLOCK_RECORD
  5
38B
330
9
100
AcDbSymbolTableRecord
100
AcDbBlockTableRecord
  2
*D28
340
0
 70
0
280
1
281
0
  0
BLOCK_RECORD
  5
39A
330
9
100
AcDbSymbolTableRecord
100
AcDbBlockTableRecord
  2
*D29
340
0
 70
0
280
1
281
0
  0
BLOCK_RECORD
  5
3A9
330
9
100
AcDbSymbolTableRecord
100
AcDbBlockTableRecord
  2
*D30
340
0
 70
0
280
1
281
0
  0
BLOCK_RECORD
  5
3B8
330
9
100
AcDbSymbolTableRecord
100
AcDbBlockTableRecord
  2
*D31
340
0
 70
0
280
1
281
0
  0
BLOCK_RECORD
  5
3C7
330
9
100
AcDbSymbolTableRecord
100
AcDbBlockTableRecord
  2
*D32
340
0
 70
0
280
1
281
0
  0
BLOCK_RECORD
  5
3D6
330
9
100
AcDbSymbolTableRecord
100
AcDbBlockTableRecord
  2
*D33
340
0
 70
0
280
1
281
0
  0
BLOCK_RECORD
  5
3E5
330
9
100
AcDbSymbolTableRecord
100
AcDbBlockTableRecord
  2
*D34
340
0
 70
0
280
1
281
0
  0
BLOCK_RECORD
  5
3F4
330
9
100
AcDbSymbolTableRecord
100
AcDbBlockTableRecord
  2
*D35
340
0
 70
0
280
1
281
0
  0
BLOCK_RECORD
  5
403
330
9
100
AcDbSymbolTableRecord
100
AcDbBlockTableRecord
  2
*D36
340
0
 70
0
280
1
281
0
  0
BLOCK_RECORD
  5
412
330
9
100
AcDbSymbolTableRecord
100
AcDbBlockTableRecord
  2
*D37
340
0
 70
0
280
1
281
0
  0
BLOCK_RECORD
  5
421
330
9
100
AcDbSymbolTableRecord
100
AcDbBlockTableRecord
  2
*D38
340
0
 70
0
280
1
281
0
  0
BLOCK_RECORD
  5
450
330
9
100
AcDbSymbolTableRecord
100
AcDbBlockTableRecord
  2
*D39
340
0
 70
0
280
1
281
0
  0
BLOCK_RECORD
  5
45F
330
9
100
AcDbSymbolTableRecord
100
AcDbBlockTableRecord
  2
*D40
340
0
 70
0
280
1
281
0
  0
BLOCK_RECORD
  5
46E
330
9
100
AcDbSymbolTableRecord
100
AcDbBlockTableRecord
  2
*D41
340
0
 70
0
280
1
281
0
  0
BLOCK_RECORD
  5
47D
330
9
100
AcDbSymbolTableRecord
100
AcDbBlockTableRecord
  2
*D42
340
0
 70
0
280
1
281
0
  0
BLOCK_RECORD
  5
48C
330
9
100
AcDbSymbolTableRecord
100
AcDbBlockTableRecord
  2
*D43
340
0
 70
0
280
1
281
0
  0
BLOCK_RECORD
  5
49B
330
9
100
AcDbSymbolTableRecord
100
AcDbBlockTableRecord
  2
*D44
340
0
 70
0
280
1
281
0
  0
BLOCK_RECORD
  5
4AA
330
9
100
AcDbSymbolTableRecord
100
AcDbBlockTableRecord
  2
*D45
340
0
 70
0
280
1
281
0
  0
BLOCK_RECORD
  5
4B9
330
9
100
AcDbSymbolTableRecord
100
AcDbBlockTableRecord
  2
*D46
340
0
 70
0
280
1
281
0
  0
BLOCK_RECORD
  5
4D8
330
9
100
AcDbSymbolTableRecord
100
AcDbBlockTableRecord
  2
*Paper_Space0
340
4DB
 70
0
280
1
281
0
  0
ENDTAB
  0
ENDSEC
  0
SECTION
  2
BLOCKS
  0
BLOCK
  5
18
330
17
100
AcDbEntity
  8
0
100
AcDbBlockBegin
  2
*Model_Space
 70
0
 10
0.0
 20
0.0
 30
0.0
  3
*Model_Space
  1

  0
ENDBLK
  5
19
330
17
100
AcDbEntity
  8
0
100
AcDbBlockEnd
  0
BLOCK
  5
1C
330
1B
100
AcDbEntity
  8
0
100
AcDbBlockBegin
  2
*Paper_Space
 70
0
 10
0.0
 20
0.0
 30
0.0
  3
*Paper_Space
  1

  0
ENDBLK
  5
1D
330
1B
100
AcDbEntity
  8
0
100
AcDbBlockEnd
  0
BLOCK
  5
B5
330
B4
100
AcDbEntity
  8
0
100
AcDbBlockBegin
  2
*D1
 70
1
 10
0.0
 20
0.0
 30
0.0
  3
*D1
  1

  0
LINE
  5
B7
330
B4
100
AcDbEntity
  8
0
 62
3
100
AcDbLine
 10
0.0
 20
300.0
 30
0.0
 11
0.0
 21
317.0
 31
0.0
  0
LINE
  5
B8
330
B4
100
AcDbEntity
  8
0
 62
3
100
AcDbLine
 10
62.5
 20
300.0
 30
0.0
 11
62.5
 21
317.0
 31
0.0
  0
INSERT
  5
BD
330
B4
100
AcDbEntity
  8
Размеры
 62
3
100
AcDbBlockReference
  2
_OBLIQUE
 10
0.0
 20
314.0
 30
0.0
 41
5.2
 42
5.2
  0
INSERT
  5
BF
330
B4
100
AcDbEntity
  8
Размеры
 62
3
100
AcDbBlockReference
  2
_OBLIQUE
 10
62.5
 20
314.0
 30
0.0
 41
5.2
 42
5.2
  0
LINE
  5
C1
330
B4
100
AcDbEntity
  8
0
 62
3
100
AcDbLine
 10
0.0
 20
314.0
 30
0.0
 11
62.5
 21
314.0
 31
0.0
  0
MTEXT
  5
C2
330
B4
100
AcDbEntity
  8
Размеры
 62
3
100
AcDbMText
 10
31.25
 20
318.1
 30
0.0
 40
5.0
 71
5
  1
62,5
  7
ГОСТ тип Б
 45
1.1
 90
3
 63
1
  0
POINT
  5
C3
330
B4
100
AcDbEntity
  8
Defpoints
100
AcDbPoint
 10
0.0
 20
314.0
 30
0.0
  0
POINT
  5
C4
330
B4
100
AcDbEntity
  8
Defpoints
100
AcDbPoint
 10
0.0
 20
300.0
 30
0.0
  0
POINT
  5
C5
330
B4
100
AcDbEntity
  8
Defpoints
100
AcDbPoint
 10
62.5
 20
300.0
 30
0.0
  0
ENDBLK
  5
B6
330
B4
100
AcDbEntity
  8
0
100
AcDbBlockEnd
  0
BLOCK
  5
BA
330
B9
100
AcDbEntity
  8
0
100
AcDbBlockBegin
  2
_OBLIQUE
 70
0
 10
0.0
 20
0.0
 30
0.0
  3
_OBLIQUE
  1

  0
LINE
  5
BC
330
B9
100
AcDbEntity
  8
0
  6
BYBLOCK
 62
0
100
AcDbLine
 10
-0.5
 20
-0.5
 30
0.0
 11
0.5
 21
0.5
 31
0.0
  0
ENDBLK
  5
BB
330
B9
100
AcDbEntity
  8
0
100
AcDbBlockEnd
  0
BLOCK
  5
C8
330
C7
100
AcDbEntity
  8
0
100
AcDbBlockBegin
  2
*D2
 70
1
 10
0.0
 20
0.0
 30
0.0
  3
*D2
  1

  0
LINE
  5
CA
330
C7
100
AcDbEntity
  8
0
 62
3
100
AcDbLine
 10
62.5
 20
300.0
 30
0.0
 11
62.5
 21
317.0
 31
0.0
  0
LINE
  5
CB
330
C7
100
AcDbEntity
  8
0
 62
3
100
AcDbLine
 10
100.0
 20
300.0
 30
0.0
 11
100.0
 21
317.0
 31
0.0
  0
INSERT
  5
CC
330
C7
100
AcDbEntity
  8
Размеры
 62
3
100
AcDbBlockReference
  2
_OBLIQUE
 10
62.5
 20
314.0
 30
0.0
 41
5.2
 42
5.2
  0
INSERT
  5
CE
330
C7
100
AcDbEntity
  8
Размеры
 62
3
100
AcDbBlockReference
  2
_OBLIQUE
 10
100.0
 20
314.0
 30
0.0
 41
5.2
 42
5.2
  0
LINE
  5
D0
330
C7
100
AcDbEntity
  8
0
 62
3
100
AcDbLine
 10
62.5
 20
314.0
 30
0.0
 11
100.0
 21
314.0
 31
0.0
  0
MTEXT
  5
D1
330
C7
100
AcDbEntity
  8
Размеры
 62
3
100
AcDbMText
 10
81.25
 20
318.1
 30
0.0
 40
5.0
 71
5
  1
37,5
  7
ГОСТ тип Б
 45
1.1
 90
3
 63
1
  0
POINT
  5
D2
330
C7
100
AcDbEntity
  8
Defpoints
100
AcDbPoint
 10
62.5
 20
314.0
 30
0.0
  0
POINT
  5
D3
330
C7
100
AcDbEntity
  8
Defpoints
100
AcDbPoint
 10
62.5
 20
300.0
 30
0.0
  0
POINT
  5
D4
330
C7
100
AcDbEntity
  8
Defpoints
100
AcDbPoint
 10
100.0
 20
300.0
 30
0.0
  0
ENDBLK
  5
C9
330
C7
100
AcDbEntity
  8
0
100
AcDbBlockEnd
  0
BLOCK
  5
D7
330
D6
100
AcDbEntity
  8
0
100
AcDbBlockBegin
  2
*D3
 70
1
 10
0.0
 20
0.0
 30
0.0
  3
*D3
  1

  0
LINE
  5
D9
330
D6
100
AcDbEntity
  8
0
 62
3
100
AcDbLine
 10
100.0
 20
200.0
 30
0.0
 11
100.0
 21
193.0
 31
0.0
  0
LINE
  5
DA
330
D6
100
AcDbEntity
  8
0
 62
3
100
AcDbLine
 10
152.54237288135593
 20
200.0
 30
0.0
 11
152.54237288135593
 21
193.0
 31
0.0
  0
INSERT
  5
DB
330
D6
100
AcDbEntity
  8
Размеры
 62
3
100
AcDbBlockReference
  2
_OBLIQUE
 10
100.0
 20
196.0
 30
0.0
 41
5.2
 42
5.2
  0
INSERT
  5
DD
330
D6
100
AcDbEntity
  8
Размеры
 62
3
100
AcDbBlockReference
  2
_OBLIQUE
 10
152.54237288135593
 20
196.0
 30
0.0
 41
5.2
 42
5.2
  0
LINE
  5
DF
330
D6
100
AcDbEntity
  8
0
 62
3
100
AcDbLine
 10
100.0
 20
196.0
 30
0.0
 11
152.54237288135593
 21
196.0
 31
0.0
  0
MTEXT
  5
E0
330
D6
100
AcDbEntity
  8
Размеры
 62
3
100
AcDbMText
 10
126.27118644067797
 20
191.9
 30
0.0
 40
5.0
 71
5
  1
52,54
  7
ГОСТ тип Б
 45
1.1
 90
3
 63
1
  0
POINT
  5
E1
330
D6
100
AcDbEntity
  8
Defpoints
100
AcDbPoint
 10
100.0
 20
196.0
 30
0.0
  0
POINT
  5
E2
330
D6
100
AcDbEntity
  8
Defpoints
100
AcDbPoint
 10
100.0
 20
200.0
 30
0.0
  0
POINT
  5
E3
330
D6
100
AcDbEntity
  8
Defpoints
100
AcDbPoint
 10
152.54237288135593
 20
200.0
 30
0.0
  0
ENDBLK
  5
D8
330
D6
100
AcDbEntity
  8
0
100
AcDbBlockEnd
  0
BLOCK
  5
E6
330
E5
100
AcDbEntity
  8
0
100
AcDbBlockBegin
  2
*D4
 70
1
 10
0.0
 20
0.0
 30
0.0
  3
*D4
  1

  0
LINE
  5
E8
330
E5
100
AcDbEntity
  8
0
 62
3
100
AcDbLine
 10
152.54237288135593
 20
200.0
 30
0.0
 11
152.54237288135593
 21
207.0
 31
0.0
  0
LINE
  5
E9
330
E5
100
AcDbEntity
  8
0
 62
3
100
AcDbLine
 10
200.0
 20
200.0
 30
0.0
 11
200.0
 21
207.0
 31
0.0
  0
INSERT
  5
EA
330
E5
100
AcDbEntity
  8
Размеры
 62
3
100
AcDbBlockReference
  2
_OBLIQUE
 10
152.54237288135593
 20
204.0
 30
0.0
 41
5.2
 42
5.2
  0
INSERT
  5
EC
330
E5
100
AcDbEntity
  8
Размеры
 62
3
100
AcDbBlockReference
  2
_OBLIQUE
 10
200.0
 20
204.0
 30
0.0
 41
5.2
 42
5.2
  0
LINE
  5
EE
330
E5
100
AcDbEntity
  8
0
 62
3
100
AcDbLine
 10
152.54237288135593
 20
204.0
 30
0.0
 11
200.0
 21
204.0
 31
0.0
  0
MTEXT
  5
EF
330
E5
100
AcDbEntity
  8
Размеры
 62
3
100
AcDbMText
 10
176.27118644067798
 20
208.1
 30
0.0
 40
5.0
 71
5
  1
47,46
  7
ГОСТ тип Б
 45
1.1
 90
3
 63
1
  0
POINT
  5
F0
330
E5
100
AcDbEntity
  8
Defpoints
100
AcDbPoint
 10
152.54237288135593
 20
204.0
 30
0.0
  0
POINT
  5
F1
330
E5
100
AcDbEntity
  8
Defpoints
100
AcDbPoint
 10
152.54237288135593
 20
200.0
 30
0.0
  0
POINT
  5
F2
330
E5
100
AcDbEntity
  8
Defpoints
100
AcDbPoint
 10
200.0
 20
200.0
 30
0.0
  0
ENDBLK
  5
E7
330
E5
100
AcDbEntity
  8
0
100
AcDbBlockEnd
  0
BLOCK
  5
F5
330
F4
100
AcDbEntity
  8
0
100
AcDbBlockBegin
  2
*D5
 70
1
 10
0.0
 20
0.0
 30
0.0
  3
*D5
  1

  0
LINE
  5
F7
330
F4
100
AcDbEntity
  8
0
 62
3
100
AcDbLine
 10
200.0
 20
100.0
 30
0.0
 11
200.0
 21
93.0
 31
0.0
  0
LINE
  5
F8
330
F4
100
AcDbEntity
  8
0
 62
3
100
AcDbLine
 10
266.6666666666667
 20
100.0
 30
0.0
 11
266.6666666666667
 21
93.0
 31
0.0
  0
INSERT
  5
F9
330
F4
100
AcDbEntity
  8
Размеры
 62
3
100
AcDbBlockReference
  2
_OBLIQUE
 10
200.0
 20
96.0
 30
0.0
 41
5.2
 42
5.2
  0
INSERT
  5
FB
330
F4
100
AcDbEntity
  8
Размеры
 62
3
100
AcDbBlockReference
  2
_OBLIQUE
 10
266.6666666666667
 20
96.0
 30
0.0
 41
5.2
 42
5.2
  0
LINE
  5
FD
330
F4
100
AcDbEntity
  8
0
 62
3
100
AcDbLine
 10
200.0
 20
96.0
 30
0.0
 11
266.6666666666667
 21
96.0
 31
0.0
  0
MTEXT
  5
FE
330
F4
100
AcDbEntity
  8
Размеры
 62
3
100
AcDbMText
 10
233.33333333333334
 20
91.9
 30
0.0
 40
5.0
 71
5
  1
66,67
  7
ГОСТ тип Б
 45
1.1
 90
3
 63
1
  0
POINT
  5
FF
330
F4
100
AcDbEntity
  8
Defpoints
100
AcDbPoint
 10
200.0
 20
96.0
 30
0.0
  0
POINT
  5
100
330
F4
100
AcDbEntity
  8
Defpoints
100
AcDbPoint
 10
200.0
 20
100.0
 30
0.0
  0
POINT
  5
101
330
F4
100
AcDbEntity
  8
Defpoints
100
AcDbPoint
 10
266.6666666666667
 20
100.0
 30
0.0
  0
ENDBLK
  5
F6
330
F4
100
AcDbEntity
  8
0
100
AcDbBlockEnd
  0
BLOCK
  5
104
330
103
100
AcDbEntity
  8
0
100
AcDbBlockBegin
  2
*D6
 70
1
 10
0.0
 20
0.0
 30
0.0
  3
*D6
  1

  0
LINE
  5
106
330
103
100
AcDbEntity
  8
0
 62
3
100
AcDbLine
 10
266.6666666666667
 20
100.0
 30
0.0
 11
266.6666666666667
 21
107.0
 31
0.0
  0
LINE
  5
107
330
103
100
AcDbEntity
  8
0
 62
3
100
AcDbLine
 10
300.0
 20
100.0
 30
0.0
 11
300.0
 21
107.0
 31
0.0
  0
INSERT
  5
108
330
103
100
AcDbEntity
  8
Размеры
 62
3
100
AcDbBlockReference
  2
_OBLIQUE
 10
266.6666666666667
 20
104.0
 30
0.0
 41
5.2
 42
5.2
  0
INSERT
  5
10A
330
103
100
AcDbEntity
  8
Размеры
 62
3
100
AcDbBlockReference
  2
_OBLIQUE
 10
300.0
 20
104.0
 30
0.0
 41
5.2
 42
5.2
  0
LINE
  5
10C
330
103
100
AcDbEntity
  8
0
 62
3
100
AcDbLine
 10
266.6666666666667
 20
104.0
 30
0.0
 11
300.0
 21
104.0
 31
0.0
  0
MTEXT
  5
10D
330
103
100
AcDbEntity
  8
Размеры
 62
3
100
AcDbMText
 10
283.33333333333337
 20
108.1
 30
0.0
 40
5.0
 71
5
  1
33,33
  7
ГОСТ тип Б
 45
1.1
 90
3
 63
1
  0
POINT
  5
10E
330
103
100
AcDbEntity
  8
Defpoints
100
AcDbPoint
 10
266.6666666666667
 20
104.0
 30
0.0
  0
POINT
  5
10F
330
103
100
AcDbEntity
  8
Defpoints
100
AcDbPoint
 10
266.6666666666667
 20
100.0
 30
0.0
  0
POINT
  5
110
330
103
100
AcDbEntity
  8
Defpoints
100
AcDbPoint
 10
300.0
 20
100.0
 30
0.0
  0
ENDBLK
  5
105
330
103
100
AcDbEntity
  8
0
100
AcDbBlockEnd
  0
BLOCK
  5
113
330
112
100
AcDbEntity
  8
0
100
AcDbBlockBegin
  2
*D7
 70
1
 10
0.0
 20
0.0
 30
0.0
  3
*D7
  1

  0
LINE
  5
115
330
112
100
AcDbEntity
  8
0
 62
3
100
AcDbLine
 10
400.0
 20
0.0
 30
0.0
 11
400.0
 21
-7.0
 31
0.0
  0
LINE
  5
116
330
112
100
AcDbEntity
  8
0
 62
3
100
AcDbLine
 10
475.43859649122805
 20
0.0
 30
0.0
 11
475.43859649122805
 21
-7.0
 31
0.0
  0
INSERT
  5
117
330
112
100
AcDbEntity
  8
Размеры
 62
3
100
AcDbBlockReference
  2
_OBLIQUE
 10
400.0
 20
-4.0
 30
0.0
 41
5.2
 42
5.2
  0
INSERT
  5
119
330
112
100
AcDbEntity
  8
Размеры
 62
3
100
AcDbBlockReference
  2
_OBLIQUE
 10
475.43859649122805
 20
-4.0
 30
0.0
 41
5.2
 42
5.2
  0
LINE
  5
11B
330
112
100
AcDbEntity
  8
0
 62
3
100
AcDbLine
 10
400.0
 20
-4.0
 30
0.0
 11
475.43859649122805
 21
-4.0
 31
0.0
  0
MTEXT
  5
11C
330
112
100
AcDbEntity
  8
Размеры
 62
3
100
AcDbMText
 10
437.719298245614
 20
-8.1
 30
0.0
 40
5.0
 71
5
  1
75,44
  7
ГОСТ тип Б
 45
1.1
 90
3
 63
1
  0
POINT
  5
11D
330
112
100
AcDbEntity
  8
Defpoints
100
AcDbPoint
 10
400.0
 20
-4.0
 30
0.0
  0
POINT
  5
11E
330
112
100
AcDbEntity
  8
Defpoints
100
AcDbPoint
 10
400.0
 20
0.0
 30
0.0
  0
POINT
  5
11F
330
112
100
AcDbEntity
  8
Defpoints
100
AcDbPoint
 10
475.43859649122805
 20
0.0
 30
0.0
  0
ENDBLK
  5
114
330
112
100
AcDbEntity
  8
0
100
AcDbBlockEnd
  0
BLOCK
  5
122
330
121
100
AcDbEntity
  8
0
100
AcDbBlockBegin
  2
*D8
 70
1
 10
0.0
 20
0.0
 30
0.0
  3
*D8
  1

  0
LINE
  5
124
330
121
100
AcDbEntity
  8
0
 62
3
100
AcDbLine
 10
475.43859649122805
 20
0.0
 30
0.0
 11
475.43859649122805
 21
-7.0
 31
0.0
  0
LINE
  5
125
330
121
100
AcDbEntity
  8
0
 62
3
100
AcDbLine
 10
500.0
 20
0.0
 30
0.0
 11
500.0
 21
-7.0
 31
0.0
  0
INSERT
  5
126
330
121
100
AcDbEntity
  8
Размеры
 62
3
100
AcDbBlockReference
  2
_OBLIQUE
 10
475.43859649122805
 20
-4.0
 30
0.0
 41
5.2
 42
5.2
  0
INSERT
  5
128
330
121
100
AcDbEntity
  8
Размеры
 62
3
100
AcDbBlockReference
  2
_OBLIQUE
 10
500.0
 20
-4.0
 30
0.0
 41
5.2
 42
5.2
  0
LINE
  5
12A
330
121
100
AcDbEntity
  8
0
 62
3
100
AcDbLine
 10
475.43859649122805
 20
-4.0
 30
0.0
 11
500.0
 21
-4.0
 31
0.0
  0
MTEXT
  5
12B
330
121
100
AcDbEntity
  8
Размеры
 62
3
100
AcDbMText
 10
487.719298245614
 20
-8.1
 30
0.0
 40
5.0
 71
5
  1
24,56
  7
ГОСТ тип Б
 45
1.1
 90
3
 63
1
  0
POINT
  5
12C
330
121
100
AcDbEntity
  8
Defpoints
100
AcDbPoint
 10
475.43859649122805
 20
-4.0
 30
0.0
  0
POINT
  5
12D
330
121
100
AcDbEntity
  8
Defpoints
100
AcDbPoint
 10
475.43859649122805
 20
0.0
 30
0.0
  0
POINT
  5
12E
330
121
100
AcDbEntity
  8
Defpoints
100
AcDbPoint
 10
500.0
 20
0.0
 30
0.0
  0
ENDBLK
  5
123
330
121
100
AcDbEntity
  8
0
100
AcDbBlockEnd
  0
BLOCK
  5
131
330
130
100
AcDbEntity
  8
0
100
AcDbBlockBegin
  2
*D9
 70
1
 10
0.0
 20
0.0
 30
0.0
  3
*D9
  1

  0
LINE
  5
133
330
130
100
AcDbEntity
  8
0
 62
3
100
AcDbLine
 10
100.0
 20
267.39130434782606
 30
0.0
 11
107.0
 21
267.39130434782606
 31
0.0
  0
LINE
  5
134
330
130
100
AcDbEntity
  8
0
 62
3
100
AcDbLine
 10
100.0
 20
300.0
 30
0.0
 11
107.0
 21
300.0
 31
0.0
  0
INSERT
  5
135
330
130
100
AcDbEntity
  8
Размеры
 62
3
100
AcDbBlockReference
  2
_OBLIQUE
 10
104.0
 20
267.39130434782606
 30
0.0
 41
5.2
 42
5.2
 50
90.0
  0
INSERT
  5
137
330
130
100
AcDbEntity
  8
Размеры
 62
3
100
AcDbBlockReference
  2
_OBLIQUE
 10
104.0
 20
300.0
 30
0.0
 41
5.2
 42
5.2
 50
90.0
  0
LINE
  5
139
330
130
100
AcDbEntity
  8
0
 62
3
100
AcDbLine
 10
104.0
 20
267.39130434782606
 30
0.0
 11
104.0
 21
300.0
 31
0.0
  0
MTEXT
  5
13A
330
130
100
AcDbEntity
  8
Размеры
 62
3
100
AcDbMText
 10
108.1
 20
283.695652173913
 30
0.0
 40
5.0
 71
5
  1
32,61
  7
ГОСТ тип Б
 50
90.0
 45
1.1
 90
3
 63
1
  0
POINT
  5
13B
330
130
100
AcDbEntity
  8
Defpoints
100
AcDbPoint
 10
104.0
 20
267.39130434782606
 30
0.0
  0
POINT
  5
13C
330
130
100
AcDbEntity
  8
Defpoints
100
AcDbPoint
 10
100.0
 20
267.39130434782606
 30
0.0
  0
POINT
  5
13D
330
130
100
AcDbEntity
  8
Defpoints
100
AcDbPoint
 10
100.0
 20
300.0
 30
0.0
  0
ENDBLK
  5
132
330
130
100
AcDbEntity
  8
0
100
AcDbBlockEnd
  0
BLOCK
  5
140
330
13F
100
AcDbEntity
  8
0
100
AcDbBlockBegin
  2
*D10
 70
1
 10
0.0
 20
0.0
 30
0.0
  3
*D10
  1

  0
LINE
  5
142
330
13F
100
AcDbEntity
  8
0
 62
3
100
AcDbLine
 10
100.0
 20
200.0
 30
0.0
 11
93.0
 21
200.0
 31
0.0
  0
LINE
  5
143
330
13F
100
AcDbEntity
  8
0
 62
3
100
AcDbLine
 10
100.0
 20
267.39130434782606
 30
0.0
 11
93.0
 21
267.39130434782606
 31
0.0
  0
INSERT
  5
144
330
13F
100
AcDbEntity
  8
Размеры
 62
3
100
AcDbBlockReference
  2
_OBLIQUE
 10
96.0
 20
200.0
 30
0.0
 41
5.2
 42
5.2
 50
90.0
  0
INSERT
  5
146
330
13F
100
AcDbEntity
  8
Размеры
 62
3
100
AcDbBlockReference
  2
_OBLIQUE
 10
96.0
 20
267.39130434782606
 30
0.0
 41
5.2
 42
5.2
 50
90.0
  0
LINE
  5
148
330
13F
100
AcDbEntity
  8
0
 62
3
100
AcDbLine
 10
96.0
 20
200.0
 30
0.0
 11
96.0
 21
267.39130434782606
 31
0.0
  0
MTEXT
  5
149
330
13F
100
AcDbEntity
  8
Размеры
 62
3
100
AcDbMText
 10
91.9
 20
233.69565217391303
 30
0.0
 40
5.0
 71
5
  1
67,39
  7
ГОСТ тип Б
 50
90.0
 45
1.1
 90
3
 63
1
  0
POINT
  5
14A
330
13F
100
AcDbEntity
  8
Defpoints
100
AcDbPoint
 10
96.0
 20
200.0
 30
0.0
  0
POINT
  5
14B
330
13F
100
AcDbEntity
  8
Defpoints
100
AcDbPoint
 10
100.0
 20
200.0
 30
0.0
  0
POINT
  5
14C
330
13F
100
AcDbEntity
  8
Defpoints
100
AcDbPoint
 10
100.0
 20
267.39130434782606
 30
0.0
  0
ENDBLK
  5
141
330
13F
100
AcDbEntity
  8
0
100
AcDbBlockEnd
  0
BLOCK
  5
14F
330
14E
100
AcDbEntity
  8
0
100
AcDbBlockBegin
  2
*D11
 70
1
 10
0.0
 20
0.0
 30
0.0
  3
*D11
  1

  0
LINE
  5
151
330
14E
100
AcDbEntity
  8
0
 62
3
100
AcDbLine
 10
200.0
 20
150.0
 30
0.0
 11
207.0
 21
150.0
 31
0.0
  0
LINE
  5
152
330
14E
100
AcDbEntity
  8
0
 62
3
100
AcDbLine
 10
200.0
 20
200.0
 30
0.0
 11
207.0
 21
200.0
 31
0.0
  0
INSERT
  5
153
330
14E
100
AcDbEntity
  8
Размеры
 62
3
100
AcDbBlockReference
  2
_OBLIQUE
 10
204.0
 20
150.0
 30
0.0
 41
5.2
 42
5.2
 50
90.0
  0
INSERT
  5
155
330
14E
100
AcDbEntity
  8
Размеры
 62
3
100
AcDbBlockReference
  2
_OBLIQUE
 10
204.0
 20
200.0
 30
0.0
 41
5.2
 42
5.2
 50
90.0
  0
LINE
  5
157
330
14E
100
AcDbEntity
  8
0
 62
3
100
AcDbLine
 10
204.0
 20
150.0
 30
0.0
 11
204.0
 21
200.0
 31
0.0
  0
MTEXT
  5
158
330
14E
100
AcDbEntity
  8
Размеры
 62
3
100
AcDbMText
 10
208.1
 20
175.0
 30
0.0
 40
5.0
 71
5
  1
50
  7
ГОСТ тип Б
 50
90.0
 45
1.1
 90
3
 63
1
  0
POINT
  5
159
330
14E
100
AcDbEntity
  8
Defpoints
100
AcDbPoint
 10
204.0
 20
150.0
 30
0.0
  0
POINT
  5
15A
330
14E
100
AcDbEntity
  8
Defpoints
100
AcDbPoint
 10
200.0
 20
150.0
 30
0.0
  0
POINT
  5
15B
330
14E
100
AcDbEntity
  8
Defpoints
100
AcDbPoint
 10
200.0
 20
200.0
 30
0.0
  0
ENDBLK
  5
150
330
14E
100
AcDbEntity
  8
0
100
AcDbBlockEnd
  0
BLOCK
  5
15E
330
15D
100
AcDbEntity
  8
0
100
AcDbBlockBegin
  2
*D12
 70
1
 10
0.0
 20
0.0
 30
0.0
  3
*D12
  1

  0
LINE
  5
160
330
15D
100
AcDbEntity
  8
0
 62
3
100
AcDbLine
 10
200.0
 20
100.0
 30
0.0
 11
193.0
 21
100.0
 31
0.0
  0
LINE
  5
161
330
15D
100
AcDbEntity
  8
0
 62
3
100
AcDbLine
 10
200.0
 20
150.0
 30
0.0
 11
193.0
 21
150.0
 31
0.0
  0
INSERT
  5
162
330
15D
100
AcDbEntity
  8
Размеры
 62
3
100
AcDbBlockReference
  2
_OBLIQUE
 10
196.0
 20
100.0
 30
0.0
 41
5.2
 42
5.2
 50
90.0
  0
INSERT
  5
164
330
15D
100
AcDbEntity
  8
Размеры
 62
3
100
AcDbBlockReference
  2
_OBLIQUE
 10
196.0
 20
150.0
 30
0.0
 41
5.2
 42
5.2
 50
90.0
  0
LINE
  5
166
330
15D
100
AcDbEntity
  8
0
 62
3
100
AcDbLine
 10
196.0
 20
100.0
 30
0.0
 11
196.0
 21
150.0
 31
0.0
  0
MTEXT
  5
167
330
15D
100
AcDbEntity
  8
Размеры
 62
3
100
AcDbMText
 10
191.9
 20
125.0
 30
0.0
 40
5.0
 71
5
  1
50
  7
ГОСТ тип Б
 50
90.0
 45
1.1
 90
3
 63
1
  0
POINT
  5
168
330
15D
100
AcDbEntity
  8
Defpoints
100
AcDbPoint
 10
196.0
 20
100.0
 30
0.0
  0
POINT
  5
169
330
15D
100
AcDbEntity
  8
Defpoints
100
AcDbPoint
 10
200.0
 20
100.0
 30
0.0
  0
POINT
  5
16A
330
15D
100
AcDbEntity
  8
Defpoints
100
AcDbPoint
 10
200.0
 20
150.0
 30
0.0
  0
ENDBLK
  5
15F
330
15D
100
AcDbEntity
  8
0
100
AcDbBlockEnd
  0
BLOCK
  5
16D
330
16C
100
AcDbEntity
  8
0
100
AcDbBlockBegin
  2
*D13
 70
1
 10
0.0
 20
0.0
 30
0.0
  3
*D13
  1

  0
LINE
  5
16F
330
16C
100
AcDbEntity
  8
0
 62
3
100
AcDbLine
 10
300.0
 20
66.66666666666667
 30
0.0
 11
307.0
 21
66.66666666666667
 31
0.0
  0
LINE
  5
170
330
16C
100
AcDbEntity
  8
0
 62
3
100
AcDbLine
 10
300.0
 20
100.0
 30
0.0
 11
307.0
 21
100.0
 31
0.0
  0
INSERT
  5
171
330
16C
100
AcDbEntity
  8
Размеры
 62
3
100
AcDbBlockReference
  2
_OBLIQUE
 10
304.0
 20
66.66666666666667
 30
0.0
 41
5.2
 42
5.2
 50
90.0
  0
INSERT
  5
173
330
16C
100
AcDbEntity
  8
Размеры
 62
3
100
AcDbBlockReference
  2
_OBLIQUE
 10
304.0
 20
100.0
 30
0.0
 41
5.2
 42
5.2
 50
90.0
  0
LINE
  5
175
330
16C
100
AcDbEntity
  8
0
 62
3
100
AcDbLine
 10
304.0
 20
66.66666666666667
 30
0.0
 11
304.0
 21
100.0
 31
0.0
  0
MTEXT
  5
176
330
16C
100
AcDbEntity
  8
Размеры
 62
3
100
AcDbMText
 10
308.1
 20
83.33333333333334
 30
0.0
 40
5.0
 71
5
  1
33,33
  7
ГОСТ тип Б
 50
90.0
 45
1.1
 90
3
 63
1
  0
POINT
  5
177
330
16C
100
AcDbEntity
  8
Defpoints
100
AcDbPoint
 10
304.0
 20
66.66666666666667
 30
0.0
  0
POINT
  5
178
330
16C
100
AcDbEntity
  8
Defpoints
100
AcDbPoint
 10
300.0
 20
66.66666666666667
 30
0.0
  0
POINT
  5
179
330
16C
100
AcDbEntity
  8
Defpoints
100
AcDbPoint
 10
300.0
 20
100.0
 30
0.0
  0
ENDBLK
  5
16E
330
16C
100
AcDbEntity
  8
0
100
AcDbBlockEnd
  0
BLOCK
  5
17C
330
17B
100
AcDbEntity
  8
0
100
AcDbBlockBegin
  2
*D14
 70
1
 10
0.0
 20
0.0
 30
0.0
  3
*D14
  1

  0
LINE
  5
17E
330
17B
100
AcDbEntity
  8
0
 62
3
100
AcDbLine
 10
300.0
 20
0.0
 30
0.0
 11
293.0
 21
0.0
 31
0.0
  0
LINE
  5
17F
330
17B
100
AcDbEntity
  8
0
 62
3
100
AcDbLine
 10
300.0
 20
66.66666666666667
 30
0.0
 11
293.0
 21
66.66666666666667
 31
0.0
  0
INSERT
  5
180
330
17B
100
AcDbEntity
  8
Размеры
 62
3
100
AcDbBlockReference
  2
_OBLIQUE
 10
296.0
 20
0.0
 30
0.0
 41
5.2
 42
5.2
 50
90.0
  0
INSERT
  5
182
330
17B
100
AcDbEntity
  8
Размеры
 62
3
100
AcDbBlockReference
  2
_OBLIQUE
 10
296.0
 20
66.66666666666667
 30
0.0
 41
5.2
 42
5.2
 50
90.0
  0
LINE
  5
184
330
17B
100
AcDbEntity
  8
0
 62
3
100
AcDbLine
 10
296.0
 20
0.0
 30
0.0
 11
296.0
 21
66.66666666666667
 31
0.0
  0
MTEXT
  5
185
330
17B
100
AcDbEntity
  8
Размеры
 62
3
100
AcDbMText
 10
291.9
 20
33.333333333333336
 30
0.0
 40
5.0
 71
5
  1
66,67
  7
ГОСТ тип Б
 50
90.0
 45
1.1
 90
3
 63
1
  0
POINT
  5
186
330
17B
100
AcDbEntity
  8
Defpoints
100
AcDbPoint
 10
296.0
 20
0.0
 30
0.0
  0
POINT
  5
187
330
17B
100
AcDbEntity
  8
Defpoints
100
AcDbPoint
 10
300.0
 20
0.0
 30
0.0
  0
POINT
  5
188
330
17B
100
AcDbEntity
  8
Defpoints
100
AcDbPoint
 10
300.0
 20
66.66666666666667
 30
0.0
  0
ENDBLK
  5
17D
330
17B
100
AcDbEntity
  8
0
100
AcDbBlockEnd
  0
BLOCK
  5
18B
330
18A
100
AcDbEntity
  8
0
100
AcDbBlockBegin
  2
*D15
 70
1
 10
0.0
 20
0.0
 30
0.0
  3
*D15
  1

  0
LINE
  5
18D
330
18A
100
AcDbEntity
  8
0
 62
3
100
AcDbLine
 10
400.0
 20
54.43037974683544
 30
0.0
 11
407.0
 21
54.43037974683544
 31
0.0
  0
LINE
  5
18E
330
18A
100
AcDbEntity
  8
0
 62
3
100
AcDbLine
 10
400.0
 20
100.0
 30
0.0
 11
407.0
 21
100.0
 31
0.0
  0
INSERT
  5
18F
330
18A
100
AcDbEntity
  8
Размеры
 62
3
100
AcDbBlockReference
  2
_OBLIQUE
 10
404.0
 20
54.43037974683544
 30
0.0
 41
5.2
 42
5.2
 50
90.0
  0
INSERT
  5
191
330
18A
100
AcDbEntity
  8
Размеры
 62
3
100
AcDbBlockReference
  2
_OBLIQUE
 10
404.0
 20
100.0
 30
0.0
 41
5.2
 42
5.2
 50
90.0
  0
LINE
  5
193
330
18A
100
AcDbEntity
  8
0
 62
3
100
AcDbLine
 10
404.0
 20
54.43037974683544
 30
0.0
 11
404.0
 21
100.0
 31
0.0
  0
MTEXT
  5
194
330
18A
100
AcDbEntity
  8
Размеры
 62
3
100
AcDbMText
 10
408.1
 20
77.21518987341773
 30
0.0
 40
5.0
 71
5
  1
45,57
  7
ГОСТ тип Б
 50
90.0
 45
1.1
 90
3
 63
1
  0
POINT
  5
195
330
18A
100
AcDbEntity
  8
Defpoints
100
AcDbPoint
 10
404.0
 20
54.43037974683544
 30
0.0
  0
POINT
  5
196
330
18A
100
AcDbEntity
  8
Defpoints
100
AcDbPoint
 10
400.0
 20
54.43037974683544
 30
0.0
  0
POINT
  5
197
330
18A
100
AcDbEntity
  8
Defpoints
100
AcDbPoint
 10
400.0
 20
100.0
 30
0.0
  0
ENDBLK
  5
18C
330
18A
100
AcDbEntity
  8
0
100
AcDbBlockEnd
  0
BLOCK
  5
19A
330
199
100
AcDbEntity
  8
0
100
AcDbBlockBegin
  2
*D16
 70
1
 10
0.0
 20
0.0
 30
0.0
  3
*D16
  1

  0
LINE
  5
19C
330
199
100
AcDbEntity
  8
0
 62
3
100
AcDbLine
 10
400.0
 20
0.0
 30
0.0
 11
393.0
 21
0.0
 31
0.0
  0
LINE
  5
19D
330
199
100
AcDbEntity
  8
0
 62
3
100
AcDbLine
 10
400.0
 20
54.43037974683544
 30
0.0
 11
393.0
 21
54.43037974683544
 31
0.0
  0
INSERT
  5
19E
330
199
100
AcDbEntity
  8
Размеры
 62
3
100
AcDbBlockReference
  2
_OBLIQUE
 10
396.0
 20
0.0
 30
0.0
 41
5.2
 42
5.2
 50
90.0
  0
INSERT
  5
1A0
330
199
100
AcDbEntity
  8
Размеры
 62
3
100
AcDbBlockReference
  2
_OBLIQUE
 10
396.0
 20
54.43037974683544
 30
0.0
 41
5.2
 42
5.2
 50
90.0
  0
LINE
  5
1A2
330
199
100
AcDbEntity
  8
0
 62
3
100
AcDbLine
 10
396.0
 20
0.0
 30
0.0
 11
396.0
 21
54.43037974683544
 31
0.0
  0
MTEXT
  5
1A3
330
199
100
AcDbEntity
  8
Размеры
 62
3
100
AcDbMText
 10
391.9
 20
27.21518987341772
 30
0.0
 40
5.0
 71
5
  1
54,43
  7
ГОСТ тип Б
 50
90.0
 45
1.1
 90
3
 63
1
  0
POINT
  5
1A4
330
199
100
AcDbEntity
  8
Defpoints
100
AcDbPoint
 10
396.0
 20
0.0
 30
0.0
  0
POINT
  5
1A5
330
199
100
AcDbEntity
  8
Defpoints
100
AcDbPoint
 10
400.0
 20
0.0
 30
0.0
  0
POINT
  5
1A6
330
199
100
AcDbEntity
  8
Defpoints
100
AcDbPoint
 10
400.0
 20
54.43037974683544
 30
0.0
  0
ENDBLK
  5
19B
330
199
100
AcDbEntity
  8
0
100
AcDbBlockEnd
  0
BLOCK
  5
1A9
330
1A8
100
AcDbEntity
  8
0
100
AcDbBlockBegin
  2
*D17
 70
1
 10
0.0
 20
0.0
 30
0.0
  3
*D17
  1

  0
LINE
  5
1AB
330
1A8
100
AcDbEntity
  8
0
 62
3
100
AcDbLine
 10
0.0
 20
0.0
 30
0.0
 11
0.0
 21
-25.0
 31
0.0
  0
LINE
  5
1AC
330
1A8
100
AcDbEntity
  8
0
 62
3
100
AcDbLine
 10
100.0
 20
0.0
 30
0.0
 11
100.0
 21
-25.0
 31
0.0
  0
INSERT
  5
1AD
330
1A8
100
AcDbEntity
  8
Размеры
 62
3
100
AcDbBlockReference
  2
_OBLIQUE
 10
0.0
 20
-22.0
 30
0.0
 41
5.2
 42
5.2
  0
INSERT
  5
1AF
330
1A8
100
AcDbEntity
  8
Размеры
 62
3
100
AcDbBlockReference
  2
_OBLIQUE
 10
100.0
 20
-22.0
 30
0.0
 41
5.2
 42
5.2
  0
LINE
  5
1B1
330
1A8
100
AcDbEntity
  8
0
 62
3
100
AcDbLine
 10
0.0
 20
-22.0
 30
0.0
 11
100.0
 21
-22.0
 31
0.0
  0
MTEXT
  5
1B2
330
1A8
100
AcDbEntity
  8
Размеры
 62
3
100
AcDbMText
 10
50.0
 20
-17.9
 30
0.0
 40
5.0
 71
5
  1
100
  7
ГОСТ тип Б
 45
1.1
 90
3
 63
1
  0
POINT
  5
1B3
330
1A8
100
AcDbEntity
  8
Defpoints
100
AcDbPoint
 10
0.0
 20
-22.0
 30
0.0
  0
POINT
  5
1B4
330
1A8
100
AcDbEntity
  8
Defpoints
100
AcDbPoint
 10
0.0
 20
0.0
 30
0.0
  0
POINT
  5
1B5
330
1A8
100
AcDbEntity
  8
Defpoints
100
AcDbPoint
 10
100.0
 20
0.0
 30
0.0
  0
ENDBLK
  5
1AA
330
1A8
100
AcDbEntity
  8
0
100
AcDbBlockEnd
  0
BLOCK
  5
1B8
330
1B7
100
AcDbEntity
  8
0
100
AcDbBlockBegin
  2
*D18
 70
1
 10
0.0
 20
0.0
 30
0.0
  3
*D18
  1

  0
LINE
  5
1BA
330
1B7
100
AcDbEntity
  8
0
 62
3
100
AcDbLine
 10
100.0
 20
0.0
 30
0.0
 11
100.0
 21
-25.0
 31
0.0
  0
LINE
  5
1BB
330
1B7
100
AcDbEntity
  8
0
 62
3
100
AcDbLine
 10
200.0
 20
0.0
 30
0.0
 11
200.0
 21
-25.0
 31
0.0
  0
INSERT
  5
1BC
330
1B7
100
AcDbEntity
  8
Размеры
 62
3
100
AcDbBlockReference
  2
_OBLIQUE
 10
100.0
 20
-22.0
 30
0.0
 41
5.2
 42
5.2
  0
INSERT
  5
1BE
330
1B7
100
AcDbEntity
  8
Размеры
 62
3
100
AcDbBlockReference
  2
_OBLIQUE
 10
200.0
 20
-22.0
 30
0.0
 41
5.2
 42
5.2
  0
LINE
  5
1C0
330
1B7
100
AcDbEntity
  8
0
 62
3
100
AcDbLine
 10
100.0
 20
-22.0
 30
0.0
 11
200.0
 21
-22.0
 31
0.0
  0
MTEXT
  5
1C1
330
1B7
100
AcDbEntity
  8
Размеры
 62
3
100
AcDbMText
 10
150.0
 20
-17.9
 30
0.0
 40
5.0
 71
5
  1
100
  7
ГОСТ тип Б
 45
1.1
 90
3
 63
1
  0
POINT
  5
1C2
330
1B7
100
AcDbEntity
  8
Defpoints
100
AcDbPoint
 10
100.0
 20
-22.0
 30
0.0
  0
POINT
  5
1C3
330
1B7
100
AcDbEntity
  8
Defpoints
100
AcDbPoint
 10
100.0
 20
0.0
 30
0.0
  0
POINT
  5
1C4
330
1B7
100
AcDbEntity
  8
Defpoints
100
AcDbPoint
 10
200.0
 20
0.0
 30
0.0
  0
ENDBLK
  5
1B9
330
1B7
100
AcDbEntity
  8
0
100
AcDbBlockEnd
  0
BLOCK
  5
1C7
330
1C6
100
AcDbEntity
  8
0
100
AcDbBlockBegin
  2
*D19
 70
1
 10
0.0
 20
0.0
 30
0.0
  3
*D19
  1

  0
LINE
  5
1C9
330
1C6
100
AcDbEntity
  8
0
 62
3
100
AcDbLine
 10
200.0
 20
0.0
 30
0.0
 11
200.0
 21
-25.0
 31
0.0
  0
LINE
  5
1CA
330
1C6
100
AcDbEntity
  8
0
 62
3
100
AcDbLine
 10
300.0
 20
0.0
 30
0.0
 11
300.0
 21
-25.0
 31
0.0
  0
INSERT
  5
1CB
330
1C6
100
AcDbEntity
  8
Размеры
 62
3
100
AcDbBlockReference
  2
_OBLIQUE
 10
200.0
 20
-22.0
 30
0.0
 41
5.2
 42
5.2
  0
INSERT
  5
1CD
330
1C6
100
AcDbEntity
  8
Размеры
 62
3
100
AcDbBlockReference
  2
_OBLIQUE
 10
300.0
 20
-22.0
 30
0.0
 41
5.2
 42
5.2
  0
LINE
  5
1CF
330
1C6
100
AcDbEntity
  8
0
 62
3
100
AcDbLine
 10
200.0
 20
-22.0
 30
0.0
 11
300.0
 21
-22.0
 31
0.0
  0
MTEXT
  5
1D0
330
1C6
100
AcDbEntity
  8
Размеры
 62
3
100
AcDbMText
 10
250.0
 20
-17.9
 30
0.0
 40
5.0
 71
5
  1
100
  7
ГОСТ тип Б
 45
1.1
 90
3
 63
1
  0
POINT
  5
1D1
330
1C6
100
AcDbEntity
  8
Defpoints
100
AcDbPoint
 10
200.0
 20
-22.0
 30
0.0
  0
POINT
  5
1D2
330
1C6
100
AcDbEntity
  8
Defpoints
100
AcDbPoint
 10
200.0
 20
0.0
 30
0.0
  0
POINT
  5
1D3
330
1C6
100
AcDbEntity
  8
Defpoints
100
AcDbPoint
 10
300.0
 20
0.0
 30
0.0
  0
ENDBLK
  5
1C8
330
1C6
100
AcDbEntity
  8
0
100
AcDbBlockEnd
  0
BLOCK
  5
1D6
330
1D5
100
AcDbEntity
  8
0
100
AcDbBlockBegin
  2
*D20
 70
1
 10
0.0
 20
0.0
 30
0.0
  3
*D20
  1

  0
LINE
  5
1D8
330
1D5
100
AcDbEntity
  8
0
 62
3
100
AcDbLine
 10
300.0
 20
0.0
 30
0.0
 11
300.0
 21
-25.0
 31
0.0
  0
LINE
  5
1D9
330
1D5
100
AcDbEntity
  8
0
 62
3
100
AcDbLine
 10
400.0
 20
0.0
 30
0.0
 11
400.0
 21
-25.0
 31
0.0
  0
INSERT
  5
1DA
330
1D5
100
AcDbEntity
  8
Размеры
 62
3
100
AcDbBlockReference
  2
_OBLIQUE
 10
300.0
 20
-22.0
 30
0.0
 41
5.2
 42
5.2
  0
INSERT
  5
1DC
330
1D5
100
AcDbEntity
  8
Размеры
 62
3
100
AcDbBlockReference
  2
_OBLIQUE
 10
400.0
 20
-22.0
 30
0.0
 41
5.2
 42
5.2
  0
LINE
  5
1DE
330
1D5
100
AcDbEntity
  8
0
 62
3
100
AcDbLine
 10
300.0
 20
-22.0
 30
0.0
 11
400.0
 21
-22.0
 31
0.0
  0
MTEXT
  5
1DF
330
1D5
100
AcDbEntity
  8
Размеры
 62
3
100
AcDbMText
 10
350.0
 20
-17.9
 30
0.0
 40
5.0
 71
5
  1
100
  7
ГОСТ тип Б
 45
1.1
 90
3
 63
1
  0
POINT
  5
1E0
330
1D5
100
AcDbEntity
  8
Defpoints
100
AcDbPoint
 10
300.0
 20
-22.0
 30
0.0
  0
POINT
  5
1E1
330
1D5
100
AcDbEntity
  8
Defpoints
100
AcDbPoint
 10
300.0
 20
0.0
 30
0.0
  0
POINT
  5
1E2
330
1D5
100
AcDbEntity
  8
Defpoints
100
AcDbPoint
 10
400.0
 20
0.0
 30
0.0
  0
ENDBLK
  5
1D7
330
1D5
100
AcDbEntity
  8
0
100
AcDbBlockEnd
  0
BLOCK
  5
1E5
330
1E4
100
AcDbEntity
  8
0
100
AcDbBlockBegin
  2
*D21
 70
1
 10
0.0
 20
0.0
 30
0.0
  3
*D21
  1

  0
LINE
  5
1E7
330
1E4
100
AcDbEntity
  8
0
 62
3
100
AcDbLine
 10
400.0
 20
0.0
 30
0.0
 11
400.0
 21
-25.0
 31
0.0
  0
LINE
  5
1E8
330
1E4
100
AcDbEntity
  8
0
 62
3
100
AcDbLine
 10
500.0
 20
0.0
 30
0.0
 11
500.0
 21
-25.0
 31
0.0
  0
INSERT
  5
1E9
330
1E4
100
AcDbEntity
  8
Размеры
 62
3
100
AcDbBlockReference
  2
_OBLIQUE
 10
400.0
 20
-22.0
 30
0.0
 41
5.2
 42
5.2
  0
INSERT
  5
1EB
330
1E4
100
AcDbEntity
  8
Размеры
 62
3
100
AcDbBlockReference
  2
_OBLIQUE
 10
500.0
 20
-22.0
 30
0.0
 41
5.2
 42
5.2
  0
LINE
  5
1ED
330
1E4
100
AcDbEntity
  8
0
 62
3
100
AcDbLine
 10
400.0
 20
-22.0
 30
0.0
 11
500.0
 21
-22.0
 31
0.0
  0
MTEXT
  5
1EE
330
1E4
100
AcDbEntity
  8
Размеры
 62
3
100
AcDbMText
 10
450.0
 20
-17.9
 30
0.0
 40
5.0
 71
5
  1
100
  7
ГОСТ тип Б
 45
1.1
 90
3
 63
1
  0
POINT
  5
1EF
330
1E4
100
AcDbEntity
  8
Defpoints
100
AcDbPoint
 10
400.0
 20
-22.0
 30
0.0
  0
POINT
  5
1F0
330
1E4
100
AcDbEntity
  8
Defpoints
100
AcDbPoint
 10
400.0
 20
0.0
 30
0.0
  0
POINT
  5
1F1
330
1E4
100
AcDbEntity
  8
Defpoints
100
AcDbPoint
 10
500.0
 20
0.0
 30
0.0
  0
ENDBLK
  5
1E6
330
1E4
100
AcDbEntity
  8
0
100
AcDbBlockEnd
  0
BLOCK
  5
1F4
330
1F3
100
AcDbEntity
  8
0
100
AcDbBlockBegin
  2
*D22
 70
1
 10
0.0
 20
0.0
 30
0.0
  3
*D22
  1

  0
LINE
  5
1F6
330
1F3
100
AcDbEntity
  8
0
 62
3
100
AcDbLine
 10
0.0
 20
0.0
 30
0.0
 11
0.0
 21
-39.0
 31
0.0
  0
LINE
  5
1F7
330
1F3
100
AcDbEntity
  8
0
 62
3
100
AcDbLine
 10
500.0
 20
0.0
 30
0.0
 11
500.0
 21
-39.0
 31
0.0
  0
INSERT
  5
1F8
330
1F3
100
AcDbEntity
  8
Размеры
 62
3
100
AcDbBlockReference
  2
_OBLIQUE
 10
0.0
 20
-36.0
 30
0.0
 41
5.2
 42
5.2
  0
INSERT
  5
1FA
330
1F3
100
AcDbEntity
  8
Размеры
 62
3
100
AcDbBlockReference
  2
_OBLIQUE
 10
500.0
 20
-36.0
 30
0.0
 41
5.2
 42
5.2
  0
LINE
  5
1FC
330
1F3
100
AcDbEntity
  8
0
 62
3
100
AcDbLine
 10
0.0
 20
-36.0
 30
0.0
 11
500.0
 21
-36.0
 31
0.0
  0
MTEXT
  5
1FD
330
1F3
100
AcDbEntity
  8
Размеры
 62
3
100
AcDbMText
 10
250.0
 20
-31.9
 30
0.0
 40
5.0
 71
5
  1
500
  7
ГОСТ тип Б
 45
1.1
 90
3
 63
1
  0
POINT
  5
1FE
330
1F3
100
AcDbEntity
  8
Defpoints
100
AcDbPoint
 10
0.0
 20
-36.0
 30
0.0
  0
POINT
  5
1FF
330
1F3
100
AcDbEntity
  8
Defpoints
100
AcDbPoint
 10
0.0
 20
0.0
 30
0.0
  0
POINT
  5
200
330
1F3
100
AcDbEntity
  8
Defpoints
100
AcDbPoint
 10
500.0
 20
0.0
 30
0.0
  0
ENDBLK
  5
1F5
330
1F3
100
AcDbEntity
  8
0
100
AcDbBlockEnd
  0
BLOCK
  5
203
330
202
100
AcDbEntity
  8
0
100
AcDbBlockBegin
  2
*D23
 70
1
 10
0.0
 20
0.0
 30
0.0
  3
*D23
  1

  0
LINE
  5
205
330
202
100
AcDbEntity
  8
0
 62
3
100
AcDbLine
 10
0.0
 20
0.0
 30
0.0
 11
-15.0
 21
0.0
 31
0.0
  0
LINE
  5
206
330
202
100
AcDbEntity
  8
0
 62
3
100
AcDbLine
 10
0.0
 20
100.0
 30
0.0
 11
-15.0
 21
100.0
 31
0.0
  0
INSERT
  5
207
330
202
100
AcDbEntity
  8
Размеры
 62
3
100
AcDbBlockReference
  2
_OBLIQUE
 10
-12.0
 20
0.0
 30
0.0
 41
5.2
 42
5.2
 50
90.0
  0
INSERT
  5
209
330
202
100
AcDbEntity
  8
Размеры
 62
3
100
AcDbBlockReference
  2
_OBLIQUE
 10
-12.0
 20
100.0
 30
0.0
 41
5.2
 42
5.2
 50
90.0
  0
LINE
  5
20B
330
202
100
AcDbEntity
  8
0
 62
3
100
AcDbLine
 10
-12.0
 20
0.0
 30
0.0
 11
-12.0
 21
100.0
 31
0.0
  0
MTEXT
  5
20C
330
202
100
AcDbEntity
  8
Размеры
 62
3
100
AcDbMText
 10
-16.1
 20
50.0
 30
0.0
 40
5.0
 71
5
  1
100
  7
ГОСТ тип Б
 50
90.0
 45
1.1
 90
3
 63
1
  0
POINT
  5
20D
330
202
100
AcDbEntity
  8
Defpoints
100
AcDbPoint
 10
-12.0
 20
0.0
 30
0.0
  0
POINT
  5
20E
330
202
100
AcDbEntity
  8
Defpoints
100
AcDbPoint
 10
0.0
 20
0.0
 30
0.0
  0
POINT
  5
20F
330
202
100
AcDbEntity
  8
Defpoints
100
AcDbPoint
 10
0.0
 20
100.0
 30
0.0
  0
ENDBLK
  5
204
330
202
100
AcDbEntity
  8
0
100
AcDbBlockEnd
  0
BLOCK
  5
212
330
211
100
AcDbEntity
  8
0
100
AcDbBlockBegin
  2
*D24
 70
1
 10
0.0
 20
0.0
 30
0.0
  3
*D24
  1

  0
LINE
  5
214
330
211
100
AcDbEntity
  8
0
 62
3
100
AcDbLine
 10
0.0
 20
100.0
 30
0.0
 11
-15.0
 21
100.0
 31
0.0
  0
LINE
  5
215
330
211
100
AcDbEntity
  8
0
 62
3
100
AcDbLine
 10
0.0
 20
200.0
 30
0.0
 11
-15.0
 21
200.0
 31
0.0
  0
INSERT
  5
216
330
211
100
AcDbEntity
  8
Размеры
 62
3
100
AcDbBlockReference
  2
_OBLIQUE
 10
-12.0
 20
100.0
 30
0.0
 41
5.2
 42
5.2
 50
90.0
  0
INSERT
  5
218
330
211
100
AcDbEntity
  8
Размеры
 62
3
100
AcDbBlockReference
  2
_OBLIQUE
 10
-12.0
 20
200.0
 30
0.0
 41
5.2
 42
5.2
 50
90.0
  0
LINE
  5
21A
330
211
100
AcDbEntity
  8
0
 62
3
100
AcDbLine
 10
-12.0
 20
100.0
 30
0.0
 11
-12.0
 21
200.0
 31
0.0
  0
MTEXT
  5
21B
330
211
100
AcDbEntity
  8
Размеры
 62
3
100
AcDbMText
 10
-16.1
 20
150.0
 30
0.0
 40
5.0
 71
5
  1
100
  7
ГОСТ тип Б
 50
90.0
 45
1.1
 90
3
 63
1
  0
POINT
  5
21C
330
211
100
AcDbEntity
  8
Defpoints
100
AcDbPoint
 10
-12.0
 20
100.0
 30
0.0
  0
POINT
  5
21D
330
211
100
AcDbEntity
  8
Defpoints
100
AcDbPoint
 10
0.0
 20
100.0
 30
0.0
  0
POINT
  5
21E
330
211
100
AcDbEntity
  8
Defpoints
100
AcDbPoint
 10
0.0
 20
200.0
 30
0.0
  0
ENDBLK
  5
213
330
211
100
AcDbEntity
  8
0
100
AcDbBlockEnd
  0
BLOCK
  5
221
330
220
100
AcDbEntity
  8
0
100
AcDbBlockBegin
  2
*D25
 70
1
 10
0.0
 20
0.0
 30
0.0
  3
*D25
  1

  0
LINE
  5
223
330
220
100
AcDbEntity
  8
0
 62
3
100
AcDbLine
 10
0.0
 20
200.0
 30
0.0
 11
-15.0
 21
200.0
 31
0.0
  0
LINE
  5
224
330
220
100
AcDbEntity
  8
0
 62
3
100
AcDbLine
 10
0.0
 20
300.0
 30
0.0
 11
-15.0
 21
300.0
 31
0.0
  0
INSERT
  5
225
330
220
100
AcDbEntity
  8
Размеры
 62
3
100
AcDbBlockReference
  2
_OBLIQUE
 10
-12.0
 20
200.0
 30
0.0
 41
5.2
 42
5.2
 50
90.0
  0
INSERT
  5
227
330
220
100
AcDbEntity
  8
Размеры
 62
3
100
AcDbBlockReference
  2
_OBLIQUE
 10
-12.0
 20
300.0
 30
0.0
 41
5.2
 42
5.2
 50
90.0
  0
LINE
  5
229
330
220
100
AcDbEntity
  8
0
 62
3
100
AcDbLine
 10
-12.0
 20
200.0
 30
0.0
 11
-12.0
 21
300.0
 31
0.0
  0
MTEXT
  5
22A
330
220
100
AcDbEntity
  8
Размеры
 62
3
100
AcDbMText
 10
-16.1
 20
250.0
 30
0.0
 40
5.0
 71
5
  1
100
  7
ГОСТ тип Б
 50
90.0
 45
1.1
 90
3
 63
1
  0
POINT
  5
22B
330
220
100
AcDbEntity
  8
Defpoints
100
AcDbPoint
 10
-12.0
 20
200.0
 30
0.0
  0
POINT
  5
22C
330
220
100
AcDbEntity
  8
Defpoints
100
AcDbPoint
 10
0.0
 20
200.0
 30
0.0
  0
POINT
  5
22D
330
220
100
AcDbEntity
  8
Defpoints
100
AcDbPoint
 10
0.0
 20
300.0
 30
0.0
  0
ENDBLK
  5
222
330
220
100
AcDbEntity
  8
0
100
AcDbBlockEnd
  0
BLOCK
  5
230
330
22F
100
AcDbEntity
  8
0
100
AcDbBlockBegin
  2
*D26
 70
1
 10
0.0
 20
0.0
 30
0.0
  3
*D26
  1

  0
LINE
  5
232
330
22F
100
AcDbEntity
  8
0
 62
3
100
AcDbLine
 10
0.0
 20
0.0
 30
0.0
 11
-29.0
 21
0.0
 31
0.0
  0
LINE
  5
233
330
22F
100
AcDbEntity
  8
0
 62
3
100
AcDbLine
 10
0.0
 20
300.0
 30
0.0
 11
-29.0
 21
300.0
 31
0.0
  0
INSERT
  5
234
330
22F
100
AcDbEntity
  8
Размеры
 62
3
100
AcDbBlockReference
  2
_OBLIQUE
 10
-26.0
 20
0.0
 30
0.0
 41
5.2
 42
5.2
 50
90.0
  0
INSERT
  5
236
330
22F
100
AcDbEntity
  8
Размеры
 62
3
100
AcDbBlockReference
  2
_OBLIQUE
 10
-26.0
 20
300.0
 30
0.0
 41
5.2
 42
5.2
 50
90.0
  0
LINE
  5
238
330
22F
100
AcDbEntity
  8
0
 62
3
100
AcDbLine
 10
-26.0
 20
0.0
 30
0.0
 11
-26.0
 21
300.0
 31
0.0
  0
MTEXT
  5
239
330
22F
100
AcDbEntity
  8
Размеры
 62
3
100
AcDbMText
 10
-30.1
 20
150.0
 30
0.0
 40
5.0
 71
5
  1
300
  7
ГОСТ тип Б
 50
90.0
 45
1.1
 90
3
 63
1
  0
POINT
  5
23A
330
22F
100
AcDbEntity
  8
Defpoints
100
AcDbPoint
 10
-26.0
 20
0.0
 30
0.0
  0
POINT
  5
23B
330
22F
100
AcDbEntity
  8
Defpoints
100
AcDbPoint
 10
0.0
 20
0.0
 30
0.0
  0
POINT
  5
23C
330
22F
100
AcDbEntity
  8
Defpoints
100
AcDbPoint
 10
0.0
 20
300.0
 30
0.0
  0
ENDBLK
  5
231
330
22F
100
AcDbEntity
  8
0
100
AcDbBlockEnd
  0
BLOCK
  5
37D
330
37C
100
AcDbEntity
  8
0
100
AcDbBlockBegin
  2
*D27
 70
1
 10
0.0
 20
0.0
 30
0.0
  3
*D27
  1

  0
LINE
  5
37F
330
37C
100
AcDbEntity
  8
0
 62
3
100
AcDbLine
 10
1020.0
 20
131.10255
 30
0.0
 11
1020.0
 21
127.85255000000001
 31
0.0
  0
LINE
  5
380
330
37C
100
AcDbEntity
  8
0
 62
3
100
AcDbLine
 10
1038.0
 20
131.10255
 30
0.0
 11
1038.0
 21
127.85255000000001
 31
0.0
  0
INSERT
  5
381
330
37C
100
AcDbEntity
  8
Размеры
 62
3
100
AcDbBlockReference
  2
_OBLIQUE
 10
1020.0
 20
128.60255
 30
0.0
 41
1.3
 42
1.3
  0
INSERT
  5
383
330
37C
100
AcDbEntity
  8
Размеры
 62
3
100
AcDbBlockReference
  2
_OBLIQUE
 10
1038.0
 20
128.60255
 30
0.0
 41
1.3
 42
1.3
  0
LINE
  5
385
330
37C
100
AcDbEntity
  8
0
 62
3
100
AcDbLine
 10
1020.0
 20
128.60255
 30
0.0
 11
1038.0
 21
128.60255
 31
0.0
  0
MTEXT
  5
386
330
37C
100
AcDbEntity
  8
Размеры
 62
3
100
AcDbMText
 10
1029.0
 20
129.62755
 30
0.0
 40
1.25
 71
5
  1
18
  7
ГОСТ тип Б
 45
1.1
 90
3
 63
1
  0
POINT
  5
387
330
37C
100
AcDbEntity
  8
Defpoints
100
AcDbPoint
 10
1020.0
 20
128.60255
 30
0.0
  0
POINT
  5
388
330
37C
100
AcDbEntity
  8
Defpoints
100
AcDbPoint
 10
1020.0
 20
131.10255
 30
0.0
  0
POINT
  5
389
330
37C
100
AcDbEntity
  8
Defpoints
100
AcDbPoint
 10
1038.0
 20
131.10255
 30
0.0
  0
ENDBLK
  5
37E
330
37C
100
AcDbEntity
  8
0
100
AcDbBlockEnd
  0
BLOCK
  5
38C
330
38B
100
AcDbEntity
  8
0
100
AcDbBlockBegin
  2
*D28
 70
1
 10
0.0
 20
0.0
 30
0.0
  3
*D28
  1

  0
LINE
  5
38E
330
38B
100
AcDbEntity
  8
0
 62
3
100
AcDbLine
 10
1038.0
 20
131.10255
 30
0.0
 11
1038.0
 21
127.85255000000001
 31
0.0
  0
LINE
  5
38F
330
38B
100
AcDbEntity
  8
0
 62
3
100
AcDbLine
 10
1080.0
 20
131.10255
 30
0.0
 11
1080.0
 21
127.85255000000001
 31
0.0
  0
INSERT
  5
390
330
38B
100
AcDbEntity
  8
Размеры
 62
3
100
AcDbBlockReference
  2
_OBLIQUE
 10
1038.0
 20
128.60255
 30
0.0
 41
1.3
 42
1.3
  0
INSERT
  5
392
330
38B
100
AcDbEntity
  8
Размеры
 62
3
100
AcDbBlockReference
  2
_OBLIQUE
 10
1080.0
 20
128.60255
 30
0.0
 41
1.3
 42
1.3
  0
LINE
  5
394
330
38B
100
AcDbEntity
  8
0
 62
3
100
AcDbLine
 10
1038.0
 20
128.60255
 30
0.0
 11
1080.0
 21
128.60255
 31
0.0
  0
MTEXT
  5
395
330
38B
100
AcDbEntity
  8
Размеры
 62
3
100
AcDbMText
 10
1059.0
 20
129.62755
 30
0.0
 40
1.25
 71
5
  1
42
  7
ГОСТ тип Б
 45
1.1
 90
3
 63
1
  0
POINT
  5
396
330
38B
100
AcDbEntity
  8
Defpoints
100
AcDbPoint
 10
1038.0
 20
128.60255
 30
0.0
  0
POINT
  5
397
330
38B
100
AcDbEntity
  8
Defpoints
100
AcDbPoint
 10
1038.0
 20
131.10255
 30
0.0
  0
POINT
  5
398
330
38B
100
AcDbEntity
  8
Defpoints
100
AcDbPoint
 10
1080.0
 20
131.10255
 30
0.0
  0
ENDBLK
  5
38D
330
38B
100
AcDbEntity
  8
0
100
AcDbBlockEnd
  0
BLOCK
  5
39B
330
39A
100
AcDbEntity
  8
0
100
AcDbBlockBegin
  2
*D29
 70
1
 10
0.0
 20
0.0
 30
0.0
  3
*D29
  1

  0
LINE
  5
39D
330
39A
100
AcDbEntity
  8
0
 62
3
100
AcDbLine
 10
1020.0
 20
131.10255
 30
0.0
 11
1020.0
 21
124.85255000000001
 31
0.0
  0
LINE
  5
39E
330
39A
100
AcDbEntity
  8
0
 62
3
100
AcDbLine
 10
1080.0
 20
131.10255
 30
0.0
 11
1080.0
 21
124.85255000000001
 31
0.0
  0
INSERT
  5
39F
330
39A
100
AcDbEntity
  8
Размеры
 62
3
100
AcDbBlockReference
  2
_OBLIQUE
 10
1020.0
 20
125.60255000000001
 30
0.0
 41
1.3
 42
1.3
  0
INSERT
  5
3A1
330
39A
100
AcDbEntity
  8
Размеры
 62
3
100
AcDbBlockReference
  2
_OBLIQUE
 10
1080.0
 20
125.60255000000001
 30
0.0
 41
1.3
 42
1.3
  0
LINE
  5
3A3
330
39A
100
AcDbEntity
  8
0
 62
3
100
AcDbLine
 10
1020.0
 20
125.60255000000001
 30
0.0
 11
1080.0
 21
125.60255000000001
 31
0.0
  0
MTEXT
  5
3A4
330
39A
100
AcDbEntity
  8
Размеры
 62
3
100
AcDbMText
 10
1050.0
 20
126.62755000000001
 30
0.0
 40
1.25
 71
5
  1
60
  7
ГОСТ тип Б
 45
1.1
 90
3
 63
1
  0
POINT
  5
3A5
330
39A
100
AcDbEntity
  8
Defpoints
100
AcDbPoint
 10
1020.0
 20
125.60255000000001
 30
0.0
  0
POINT
  5
3A6
330
39A
100
AcDbEntity
  8
Defpoints
100
AcDbPoint
 10
1020.0
 20
131.10255
 30
0.0
  0
POINT
  5
3A7
330
39A
100
AcDbEntity
  8
Defpoints
100
AcDbPoint
 10
1080.0
 20
131.10255
 30
0.0
  0
ENDBLK
  5
39C
330
39A
100
AcDbEntity
  8
0
100
AcDbBlockEnd
  0
BLOCK
  5
3AA
330
3A9
100
AcDbEntity
  8
0
100
AcDbBlockBegin
  2
*D30
 70
1
 10
0.0
 20
0.0
 30
0.0
  3
*D30
  1

  0
LINE
  5
3AC
330
3A9
100
AcDbEntity
  8
0
 62
3
100
AcDbLine
 10
1018.6
 20
166.4
 30
0.0
 11
1018.6
 21
172.14745
 31
0.0
  0
LINE
  5
3AD
330
3A9
100
AcDbEntity
  8
0
 62
3
100
AcDbLine
 10
1081.4
 20
166.4
 30
0.0
 11
1081.4
 21
172.14745
 31
0.0
  0
INSERT
  5
3AE
330
3A9
100
AcDbEntity
  8
Размеры
 62
3
100
AcDbBlockReference
  2
_OBLIQUE
 10
1018.6
 20
171.39745
 30
0.0
 41
1.3
 42
1.3
  0
INSERT
  5
3B0
330
3A9
100
AcDbEntity
  8
Размеры
 62
3
100
AcDbBlockReference
  2
_OBLIQUE
 10
1081.4
 20
171.39745
 30
0.0
 41
1.3
 42
1.3
  0
LINE
  5
3B2
330
3A9
100
AcDbEntity
  8
0
 62
3
100
AcDbLine
 10
1018.6
 20
171.39745
 30
0.0
 11
1081.4
 21
171.39745
 31
0.0
  0
MTEXT
  5
3B3
330
3A9
100
AcDbEntity
  8
Размеры
 62
3
100
AcDbMText
 10
1050.0
 20
172.42245
 30
0.0
 40
1.25
 71
5
  1
62,8
  7
ГОСТ тип Б
 45
1.1
 90
3
 63
1
  0
POINT
  5
3B4
330
3A9
100
AcDbEntity
  8
Defpoints
100
AcDbPoint
 10
1018.6
 20
171.39745
 30
0.0
  0
POINT
  5
3B5
330
3A9
100
AcDbEntity
  8
Defpoints
100
AcDbPoint
 10
1018.6
 20
166.4
 30
0.0
  0
POINT
  5
3B6
330
3A9
100
AcDbEntity
  8
Defpoints
100
AcDbPoint
 10
1081.4
 20
166.4
 30
0.0
  0
ENDBLK
  5
3AB
330
3A9
100
AcDbEntity
  8
0
100
AcDbBlockEnd
  0
BLOCK
  5
3B9
330
3B8
100
AcDbEntity
  8
0
100
AcDbBlockBegin
  2
*D31
 70
1
 10
0.0
 20
0.0
 30
0.0
  3
*D31
  1

  0
LINE
  5
3BB
330
3B8
100
AcDbEntity
  8
0
 62
3
100
AcDbLine
 10
1017.10255
 20
167.89745
 30
0.0
 11
1017.10255
 21
175.14745
 31
0.0
  0
LINE
  5
3BC
330
3B8
100
AcDbEntity
  8
0
 62
3
100
AcDbLine
 10
1082.89745
 20
167.89745
 30
0.0
 11
1082.89745
 21
175.14745
 31
0.0
  0
INSERT
  5
3BD
330
3B8
100
AcDbEntity
  8
Размеры
 62
3
100
AcDbBlockReference
  2
_OBLIQUE
 10
1017.10255
 20
174.39745
 30
0.0
 41
1.3
 42
1.3
  0
INSERT
  5
3BF
330
3B8
100
AcDbEntity
  8
Размеры
 62
3
100
AcDbBlockReference
  2
_OBLIQUE
 10
1082.89745
 20
174.39745
 30
0.0
 41
1.3
 42
1.3
  0
LINE
  5
3C1
330
3B8
100
AcDbEntity
  8
0
 62
3
100
AcDbLine
 10
1017.10255
 20
174.39745
 30
0.0
 11
1082.89745
 21
174.39745
 31
0.0
  0
MTEXT
  5
3C2
330
3B8
100
AcDbEntity
  8
Размеры
 62
3
100
AcDbMText
 10
1050.0
 20
175.42245
 30
0.0
 40
1.25
 71
5
  1
65,79
  7
ГОСТ тип Б
 45
1.1
 90
3
 63
1
  0
POINT
  5
3C3
330
3B8
100
AcDbEntity
  8
Defpoints
100
AcDbPoint
 10
1017.10255
 20
174.39745
 30
0.0
  0
POINT
  5
3C4
330
3B8
100
AcDbEntity
  8
Defpoints
100
AcDbPoint
 10
1017.10255
 20
167.89745
 30
0.0
  0
POINT
  5
3C5
330
3B8
100
AcDbEntity
  8
Defpoints
100
AcDbPoint
 10
1082.89745
 20
167.89745
 30
0.0
  0
ENDBLK
  5
3BA
330
3B8
100
AcDbEntity
  8
0
100
AcDbBlockEnd
  0
BLOCK
  5
3C8
330
3C7
100
AcDbEntity
  8
0
100
AcDbBlockBegin
  2
*D32
 70
1
 10
0.0
 20
0.0
 30
0.0
  3
*D32
  1

  0
LINE
  5
3CA
330
3C7
100
AcDbEntity
  8
0
 62
3
100
AcDbLine
 10
1016.10255
 20
135.0
 30
0.0
 11
1012.85255
 21
135.0
 31
0.0
  0
LINE
  5
3CB
330
3C7
100
AcDbEntity
  8
0
 62
3
100
AcDbLine
 10
1016.10255
 20
147.0
 30
0.0
 11
1012.85255
 21
147.0
 31
0.0
  0
INSERT
  5
3CC
330
3C7
100
AcDbEntity
  8
Размеры
 62
3
100
AcDbBlockReference
  2
_OBLIQUE
 10
1013.60255
 20
135.0
 30
0.0
 41
1.3
 42
1.3
 50
90.0
  0
INSERT
  5
3CE
330
3C7
100
AcDbEntity
  8
Размеры
 62
3
100
AcDbBlockReference
  2
_OBLIQUE
 10
1013.60255
 20
147.0
 30
0.0
 41
1.3
 42
1.3
 50
90.0
  0
LINE
  5
3D0
330
3C7
100
AcDbEntity
  8
0
 62
3
100
AcDbLine
 10
1013.60255
 20
135.0
 30
0.0
 11
1013.60255
 21
147.0
 31
0.0
  0
MTEXT
  5
3D1
330
3C7
100
AcDbEntity
  8
Размеры
 62
3
100
AcDbMText
 10
1012.57755
 20
141.0
 30
0.0
 40
1.25
 71
5
  1
12
  7
ГОСТ тип Б
 50
90.0
 45
1.1
 90
3
 63
1
  0
POINT
  5
3D2
330
3C7
100
AcDbEntity
  8
Defpoints
100
AcDbPoint
 10
1013.60255
 20
135.0
 30
0.0
  0
POINT
  5
3D3
330
3C7
100
AcDbEntity
  8
Defpoints
100
AcDbPoint
 10
1016.10255
 20
135.0
 30
0.0
  0
POINT
  5
3D4
330
3C7
100
AcDbEntity
  8
Defpoints
100
AcDbPoint
 10
1016.10255
 20
147.0
 30
0.0
  0
ENDBLK
  5
3C9
330
3C7
100
AcDbEntity
  8
0
100
AcDbBlockEnd
  0
BLOCK
  5
3D7
330
3D6
100
AcDbEntity
  8
0
100
AcDbBlockBegin
  2
*D33
 70
1
 10
0.0
 20
0.0
 30
0.0
  3
*D33
  1

  0
LINE
  5
3D9
330
3D6
100
AcDbEntity
  8
0
 62
3
100
AcDbLine
 10
1016.10255
 20
147.0
 30
0.0
 11
1012.85255
 21
147.0
 31
0.0
  0
LINE
  5
3DA
330
3D6
100
AcDbEntity
  8
0
 62
3
100
AcDbLine
 10
1016.10255
 20
165.0
 30
0.0
 11
1012.85255
 21
165.0
 31
0.0
  0
INSERT
  5
3DB
330
3D6
100
AcDbEntity
  8
Размеры
 62
3
100
AcDbBlockReference
  2
_OBLIQUE
 10
1013.60255
 20
147.0
 30
0.0
 41
1.3
 42
1.3
 50
90.0
  0
INSERT
  5
3DD
330
3D6
100
AcDbEntity
  8
Размеры
 62
3
100
AcDbBlockReference
  2
_OBLIQUE
 10
1013.60255
 20
165.0
 30
0.0
 41
1.3
 42
1.3
 50
90.0
  0
LINE
  5
3DF
330
3D6
100
AcDbEntity
  8
0
 62
3
100
AcDbLine
 10
1013.60255
 20
147.0
 30
0.0
 11
1013.60255
 21
165.0
 31
0.0
  0
MTEXT
  5
3E0
330
3D6
100
AcDbEntity
  8
Размеры
 62
3
100
AcDbMText
 10
1012.57755
 20
156.0
 30
0.0
 40
1.25
 71
5
  1
18
  7
ГОСТ тип Б
 50
90.0
 45
1.1
 90
3
 63
1
  0
POINT
  5
3E1
330
3D6
100
AcDbEntity
  8
Defpoints
100
AcDbPoint
 10
1013.60255
 20
147.0
 30
0.0
  0
POINT
  5
3E2
330
3D6
100
AcDbEntity
  8
Defpoints
100
AcDbPoint
 10
1016.10255
 20
147.0
 30
0.0
  0
POINT
  5
3E3
330
3D6
100
AcDbEntity
  8
Defpoints
100
AcDbPoint
 10
1016.10255
 20
165.0
 30
0.0
  0
ENDBLK
  5
3D8
330
3D6
100
AcDbEntity
  8
0
100
AcDbBlockEnd
  0
BLOCK
  5
3E6
330
3E5
100
AcDbEntity
  8
0
100
AcDbBlockBegin
  2
*D34
 70
1
 10
0.0
 20
0.0
 30
0.0
  3
*D34
  1

  0
LINE
  5
3E8
330
3E5
100
AcDbEntity
  8
0
 62
3
100
AcDbLine
 10
1016.10255
 20
135.0
 30
0.0
 11
1009.85255
 21
135.0
 31
0.0
  0
LINE
  5
3E9
330
3E5
100
AcDbEntity
  8
0
 62
3
100
AcDbLine
 10
1016.10255
 20
165.0
 30
0.0
 11
1009.85255
 21
165.0
 31
0.0
  0
INSERT
  5
3EA
330
3E5
100
AcDbEntity
  8
Размеры
 62
3
100
AcDbBlockReference
  2
_OBLIQUE
 10
1010.60255
 20
135.0
 30
0.0
 41
1.3
 42
1.3
 50
90.0
  0
INSERT
  5
3EC
330
3E5
100
AcDbEntity
  8
Размеры
 62
3
100
AcDbBlockReference
  2
_OBLIQUE
 10
1010.60255
 20
165.0
 30
0.0
 41
1.3
 42
1.3
 50
90.0
  0
LINE
  5
3EE
330
3E5
100
AcDbEntity
  8
0
 62
3
100
AcDbLine
 10
1010.60255
 20
135.0
 30
0.0
 11
1010.60255
 21
165.0
 31
0.0
  0
MTEXT
  5
3EF
330
3E5
100
AcDbEntity
  8
Размеры
 62
3
100
AcDbMText
 10
1009.57755
 20
150.0
 30
0.0
 40
1.25
 71
5
  1
30
  7
ГОСТ тип Б
 50
90.0
 45
1.1
 90
3
 63
1
  0
POINT
  5
3F0
330
3E5
100
AcDbEntity
  8
Defpoints
100
AcDbPoint
 10
1010.60255
 20
135.0
 30
0.0
  0
POINT
  5
3F1
330
3E5
100
AcDbEntity
  8
Defpoints
100
AcDbPoint
 10
1016.10255
 20
135.0
 30
0.0
  0
POINT
  5
3F2
330
3E5
100
AcDbEntity
  8
Defpoints
100
AcDbPoint
 10
1016.10255
 20
165.0
 30
0.0
  0
ENDBLK
  5
3E7
330
3E5
100
AcDbEntity
  8
0
100
AcDbBlockEnd
  0
BLOCK
  5
3F5
330
3F4
100
AcDbEntity
  8
0
100
AcDbBlockBegin
  2
*D35
 70
1
 10
0.0
 20
0.0
 30
0.0
  3
*D35
  1

  0
LINE
  5
3F7
330
3F4
100
AcDbEntity
  8
0
 62
3
100
AcDbLine
 10
1018.6
 20
133.6
 30
0.0
 11
1005.35255
 21
133.6
 31
0.0
  0
LINE
  5
3F8
330
3F4
100
AcDbEntity
  8
0
 62
3
100
AcDbLine
 10
1018.6
 20
166.4
 30
0.0
 11
1005.35255
 21
166.4
 31
0.0
  0
INSERT
  5
3F9
330
3F4
100
AcDbEntity
  8
Размеры
 62
3
100
AcDbBlockReference
  2
_OBLIQUE
 10
1006.10255
 20
133.6
 30
0.0
 41
1.3
 42
1.3
 50
90.0
  0
INSERT
  5
3FB
330
3F4
100
AcDbEntity
  8
Размеры
 62
3
100
AcDbBlockReference
  2
_OBLIQUE
 10
1006.10255
 20
166.4
 30
0.0
 41
1.3
 42
1.3
 50
90.0
  0
LINE
  5
3FD
330
3F4
100
AcDbEntity
  8
0
 62
3
100
AcDbLine
 10
1006.10255
 20
133.6
 30
0.0
 11
1006.10255
 21
166.4
 31
0.0
  0
MTEXT
  5
3FE
330
3F4
100
AcDbEntity
  8
Размеры
 62
3
100
AcDbMText
 10
1005.07755
 20
150.0
 30
0.0
 40
1.25
 71
5
  1
32,8
  7
ГОСТ тип Б
 50
90.0
 45
1.1
 90
3
 63
1
  0
POINT
  5
3FF
330
3F4
100
AcDbEntity
  8
Defpoints
100
AcDbPoint
 10
1006.10255
 20
133.6
 30
0.0
  0
POINT
  5
400
330
3F4
100
AcDbEntity
  8
Defpoints
100
AcDbPoint
 10
1018.6
 20
133.6
 30
0.0
  0
POINT
  5
401
330
3F4
100
AcDbEntity
  8
Defpoints
100
AcDbPoint
 10
1018.6
 20
166.4
 30
0.0
  0
ENDBLK
  5
3F6
330
3F4
100
AcDbEntity
  8
0
100
AcDbBlockEnd
  0
BLOCK
  5
404
330
403
100
AcDbEntity
  8
0
100
AcDbBlockBegin
  2
*D36
 70
1
 10
0.0
 20
0.0
 30
0.0
  3
*D36
  1

  0
LINE
  5
406
330
403
100
AcDbEntity
  8
0
 62
3
100
AcDbLine
 10
1017.10255
 20
132.10255
 30
0.0
 11
1001.85255
 21
132.10255
 31
0.0
  0
LINE
  5
407
330
403
100
AcDbEntity
  8
0
 62
3
100
AcDbLine
 10
1017.10255
 20
167.89745
 30
0.0
 11
1001.85255
 21
167.89745
 31
0.0
  0
INSERT
  5
408
330
403
100
AcDbEntity
  8
Размеры
 62
3
100
AcDbBlockReference
  2
_OBLIQUE
 10
1002.60255
 20
132.10255
 30
0.0
 41
1.3
 42
1.3
 50
90.0
  0
INSERT
  5
40A
330
403
100
AcDbEntity
  8
Размеры
 62
3
100
AcDbBlockReference
  2
_OBLIQUE
 10
1002.60255
 20
167.89745
 30
0.0
 41
1.3
 42
1.3
 50
90.0
  0
LINE
  5
40C
330
403
100
AcDbEntity
  8
0
 62
3
100
AcDbLine
 10
1002.60255
 20
132.10255
 30
0.0
 11
1002.60255
 21
167.89745
 31
0.0
  0
MTEXT
  5
40D
330
403
100
AcDbEntity
  8
Размеры
 62
3
100
AcDbMText
 10
1001.57755
 20
150.0
 30
0.0
 40
1.25
 71
5
  1
35,79
  7
ГОСТ тип Б
 50
90.0
 45
1.1
 90
3
 63
1
  0
POINT
  5
40E
330
403
100
AcDbEntity
  8
Defpoints
100
AcDbPoint
 10
1002.60255
 20
132.10255
 30
0.0
  0
POINT
  5
40F
330
403
100
AcDbEntity
  8
Defpoints
100
AcDbPoint
 10
1017.10255
 20
132.10255
 30
0.0
  0
POINT
  5
410
330
403
100
AcDbEntity
  8
Defpoints
100
AcDbPoint
 10
1017.10255
 20
167.89745
 30
0.0
  0
ENDBLK
  5
405
330
403
100
AcDbEntity
  8
0
100
AcDbBlockEnd
  0
BLOCK
  5
413
330
412
100
AcDbEntity
  8
0
100
AcDbBlockBegin
  2
*D37
 70
1
 10
0.0
 20
0.0
 30
0.0
  3
*D37
  1

  0
LINE
  5
415
330
412
100
AcDbEntity
  8
0
 62
3
100
AcDbLine
 10
1081.4
 20
157.5
 30
0.0
 11
1081.4
 21
163.14712085
 31
0.0
  0
LINE
  5
416
330
412
100
AcDbEntity
  8
0
 62
3
100
AcDbLine
 10
1103.75
 20
157.5
 30
0.0
 11
1103.75
 21
163.14712085
 31
0.0
  0
INSERT
  5
417
330
412
100
AcDbEntity
  8
Размеры
 62
3
100
AcDbBlockReference
  2
_OBLIQUE
 10
1081.4
 20
162.39712085
 30
0.0
 41
1.3
 42
1.3
  0
INSERT
  5
419
330
412
100
AcDbEntity
  8
Размеры
 62
3
100
AcDbBlockReference
  2
_OBLIQUE
 10
1103.75
 20
162.39712085
 30
0.0
 41
1.3
 42
1.3
  0
LINE
  5
41B
330
412
100
AcDbEntity
  8
0
 62
3
100
AcDbLine
 10
1081.4
 20
162.39712085
 30
0.0
 11
1103.75
 21
162.39712085
 31
0.0
  0
MTEXT
  5
41C
330
412
100
AcDbEntity
  8
Размеры
 62
3
100
AcDbMText
 10
1092.575
 20
163.42212085
 30
0.0
 40
1.25
 71
5
  1
22,35
  7
ГОСТ тип Б
 45
1.1
 90
3
 63
1
  0
POINT
  5
41D
330
412
100
AcDbEntity
  8
Defpoints
100
AcDbPoint
 10
1081.4
 20
162.39712085
 30
0.0
  0
POINT
  5
41E
330
412
100
AcDbEntity
  8
Defpoints
100
AcDbPoint
 10
1081.4
 20
157.5
 30
0.0
  0
POINT
  5
41F
330
412
100
AcDbEntity
  8
Defpoints
100
AcDbPoint
 10
1103.75
 20
157.5
 30
0.0
  0
ENDBLK
  5
414
330
412
100
AcDbEntity
  8
0
100
AcDbBlockEnd
  0
BLOCK
  5
422
330
421
100
AcDbEntity
  8
0
100
AcDbBlockBegin
  2
*D38
 70
1
 10
0.0
 20
0.0
 30
0.0
  3
*D38
  1

  0
LINE
  5
424
330
421
100
AcDbEntity
  8
0
 62
3
100
AcDbLine
 10
1103.75
 20
154.5
 30
0.0
 11
1107.5
 21
154.5
 31
0.0
  0
LINE
  5
425
330
421
100
AcDbEntity
  8
0
 62
3
100
AcDbLine
 10
1103.75
 20
157.5
 30
0.0
 11
1107.5
 21
157.5
 31
0.0
  0
INSERT
  5
426
330
421
100
AcDbEntity
  8
Размеры
 62
3
100
AcDbBlockReference
  2
_OBLIQUE
 10
1106.75
 20
154.5
 30
0.0
 41
1.3
 42
1.3
 50
90.0
  0
INSERT
  5
428
330
421
100
AcDbEntity
  8
Размеры
 62
3
100
AcDbBlockReference
  2
_OBLIQUE
 10
1106.75
 20
157.5
 30
0.0
 41
1.3
 42
1.3
 50
90.0
  0
LINE
  5
42A
330
421
100
AcDbEntity
  8
0
 62
3
100
AcDbLine
 10
1106.75
 20
154.5
 30
0.0
 11
1106.75
 21
157.5
 31
0.0
  0
MTEXT
  5
42B
330
421
100
AcDbEntity
  8
Размеры
 62
3
100
AcDbMText
 10
1105.725
 20
156.0
 30
0.0
 40
1.25
 71
5
  1
3
  7
ГОСТ тип Б
 50
90.0
 45
1.1
 90
3
 63
1
  0
POINT
  5
42C
330
421
100
AcDbEntity
  8
Defpoints
100
AcDbPoint
 10
1106.75
 20
154.5
 30
0.0
  0
POINT
  5
42D
330
421
100
AcDbEntity
  8
Defpoints
100
AcDbPoint
 10
1103.75
 20
154.5
 30
0.0
  0
POINT
  5
42E
330
421
100
AcDbEntity
  8
Defpoints
100
AcDbPoint
 10
1103.75
 20
157.5
 30
0.0
  0
ENDBLK
  5
423
330
421
100
AcDbEntity
  8
0
100
AcDbBlockEnd
  0
BLOCK
  5
451
330
450
100
AcDbEntity
  8
0
100
AcDbBlockBegin
  2
*D39
 70
1
 10
0.0
 20
0.0
 30
0.0
  3
*D39
  1

  0
LINE
  5
453
330
450
100
AcDbEntity
  8
0
 62
3
100
AcDbLine
 10
1997.10255
 20
0.0
 30
0.0
 11
1997.10255
 21
-2.81
 31
0.0
  0
LINE
  5
454
330
450
100
AcDbEntity
  8
0
 62
3
100
AcDbLine
 10
1998.6
 20
-2.235
 30
0.0
 11
1998.6
 21
-2.81
 31
0.0
  0
INSERT
  5
455
330
450
100
AcDbEntity
  8
Размеры
 62
3
100
AcDbBlockReference
  2
_OBLIQUE
 10
1997.10255
 20
-2.735
 30
0.0
 41
0.13
 42
0.13
  0
INSERT
  5
457
330
450
100
AcDbEntity
  8
Размеры
 62
3
100
AcDbBlockReference
  2
_OBLIQUE
 10
1998.6
 20
-2.735
 30
0.0
 41
0.13
 42
0.13
  0
LINE
  5
459
330
450
100
AcDbEntity
  8
0
 62
3
100
AcDbLine
 10
1997.10255
 20
-2.735
 30
0.0
 11
1998.6
 21
-2.735
 31
0.0
  0
MTEXT
  5
45A
330
450
100
AcDbEntity
  8
Размеры
 62
3
100
AcDbMText
 10
1997.851275
 20
-2.6325
 30
0.0
 40
0.125
 71
5
  1
1,497
  7
ГОСТ тип Б
 45
1.1
 90
3
 63
1
  0
POINT
  5
45B
330
450
100
AcDbEntity
  8
Defpoints
100
AcDbPoint
 10
1997.10255
 20
-2.735
 30
0.0
  0
POINT
  5
45C
330
450
100
AcDbEntity
  8
Defpoints
100
AcDbPoint
 10
1997.10255
 20
0.0
 30
0.0
  0
POINT
  5
45D
330
450
100
AcDbEntity
  8
Defpoints
100
AcDbPoint
 10
1998.6
 20
-2.235
 30
0.0
  0
ENDBLK
  5
452
330
450
100
AcDbEntity
  8
0
100
AcDbBlockEnd
  0
BLOCK
  5
460
330
45F
100
AcDbEntity
  8
0
100
AcDbBlockBegin
  2
*D40
 70
1
 10
0.0
 20
0.0
 30
0.0
  3
*D40
  1

  0
LINE
  5
462
330
45F
100
AcDbEntity
  8
0
 62
3
100
AcDbLine
 10
1998.6
 20
-2.235
 30
0.0
 11
1998.6
 21
-2.81
 31
0.0
  0
LINE
  5
463
330
45F
100
AcDbEntity
  8
0
 62
3
100
AcDbLine
 10
1999.1
 20
-2.235
 30
0.0
 11
1999.1
 21
-2.81
 31
0.0
  0
INSERT
  5
464
330
45F
100
AcDbEntity
  8
Размеры
 62
3
100
AcDbBlockReference
  2
_OBLIQUE
 10
1998.6
 20
-2.735
 30
0.0
 41
0.13
 42
0.13
  0
INSERT
  5
466
330
45F
100
AcDbEntity
  8
Размеры
 62
3
100
AcDbBlockReference
  2
_OBLIQUE
 10
1999.1
 20
-2.735
 30
0.0
 41
0.13
 42
0.13
  0
LINE
  5
468
330
45F
100
AcDbEntity
  8
0
 62
3
100
AcDbLine
 10
1998.6
 20
-2.735
 30
0.0
 11
1999.1
 21
-2.735
 31
0.0
  0
MTEXT
  5
469
330
45F
100
AcDbEntity
  8
Размеры
 62
3
100
AcDbMText
 10
1998.85
 20
-2.6325
 30
0.0
 40
0.125
 71
5
  1
0,5
  7
ГОСТ тип Б
 45
1.1
 90
3
 63
1
  0
POINT
  5
46A
330
45F
100
AcDbEntity
  8
Defpoints
100
AcDbPoint
 10
1998.6
 20
-2.735
 30
0.0
  0
POINT
  5
46B
330
45F
100
AcDbEntity
  8
Defpoints
100
AcDbPoint
 10
1998.6
 20
-2.235
 30
0.0
  0
POINT
  5
46C
330
45F
100
AcDbEntity
  8
Defpoints
100
AcDbPoint
 10
1999.1
 20
-2.235
 30
0.0
  0
ENDBLK
  5
461
330
45F
100
AcDbEntity
  8
0
100
AcDbBlockEnd
  0
BLOCK
  5
46F
330
46E
100
AcDbEntity
  8
0
100
AcDbBlockBegin
  2
*D41
 70
1
 10
0.0
 20
0.0
 30
0.0
  3
*D41
  1

  0
LINE
  5
471
330
46E
100
AcDbEntity
  8
0
 62
3
100
AcDbLine
 10
1999.1
 20
-2.235
 30
0.0
 11
1999.1
 21
-2.81
 31
0.0
  0
LINE
  5
472
330
46E
100
AcDbEntity
  8
0
 62
3
100
AcDbLine
 10
1999.3
 20
-2.235
 30
0.0
 11
1999.3
 21
-2.81
 31
0.0
  0
INSERT
  5
473
330
46E
100
AcDbEntity
  8
Размеры
 62
3
100
AcDbBlockReference
  2
_OBLIQUE
 10
1999.1
 20
-2.735
 30
0.0
 41
0.13
 42
0.13
  0
INSERT
  5
475
330
46E
100
AcDbEntity
  8
Размеры
 62
3
100
AcDbBlockReference
  2
_OBLIQUE
 10
1999.3
 20
-2.735
 30
0.0
 41
0.13
 42
0.13
  0
LINE
  5
477
330
46E
100
AcDbEntity
  8
0
 62
3
100
AcDbLine
 10
1999.1
 20
-2.735
 30
0.0
 11
1999.3
 21
-2.735
 31
0.0
  0
MTEXT
  5
478
330
46E
100
AcDbEntity
  8
Размеры
 62
3
100
AcDbMText
 10
1999.1999999999998
 20
-2.6325
 30
0.0
 40
0.125
 71
5
  1
0,2
  7
ГОСТ тип Б
 45
1.1
 90
3
 63
1
  0
POINT
  5
479
330
46E
100
AcDbEntity
  8
Defpoints
100
AcDbPoint
 10
1999.1
 20
-2.735
 30
0.0
  0
POINT
  5
47A
330
46E
100
AcDbEntity
  8
Defpoints
100
AcDbPoint
 10
1999.1
 20
-2.235
 30
0.0
  0
POINT
  5
47B
330
46E
100
AcDbEntity
  8
Defpoints
100
AcDbPoint
 10
1999.3
 20
-2.235
 30
0.0
  0
ENDBLK
  5
470
330
46E
100
AcDbEntity
  8
0
100
AcDbBlockEnd
  0
BLOCK
  5
47E
330
47D
100
AcDbEntity
  8
0
100
AcDbBlockBegin
  2
*D42
 70
1
 10
0.0
 20
0.0
 30
0.0
  3
*D42
  1

  0
LINE
  5
480
330
47D
100
AcDbEntity
  8
0
 62
3
100
AcDbLine
 10
1999.3
 20
-2.235
 30
0.0
 11
1999.3
 21
-2.81
 31
0.0
  0
LINE
  5
481
330
47D
100
AcDbEntity
  8
0
 62
3
100
AcDbLine
 10
1999.8
 20
-2.235
 30
0.0
 11
1999.8
 21
-2.81
 31
0.0
  0
INSERT
  5
482
330
47D
100
AcDbEntity
  8
Размеры
 62
3
100
AcDbBlockReference
  2
_OBLIQUE
 10
1999.3
 20
-2.735
 30
0.0
 41
0.13
 42
0.13
  0
INSERT
  5
484
330
47D
100
AcDbEntity
  8
Размеры
 62
3
100
AcDbBlockReference
  2
_OBLIQUE
 10
1999.8
 20
-2.735
 30
0.0
 41
0.13
 42
0.13
  0
LINE
  5
486
330
47D
100
AcDbEntity
  8
0
 62
3
100
AcDbLine
 10
1999.3
 20
-2.735
 30
0.0
 11
1999.8
 21
-2.735
 31
0.0
  0
MTEXT
  5
487
330
47D
100
AcDbEntity
  8
Размеры
 62
3
100
AcDbMText
 10
1999.55
 20
-2.6325
 30
0.0
 40
0.125
 71
5
  1
0,5
  7
ГОСТ тип Б
 45
1.1
 90
3
 63
1
  0
POINT
  5
488
330
47D
100
AcDbEntity
  8
Defpoints
100
AcDbPoint
 10
1999.3
 20
-2.735
 30
0.0
  0
POINT
  5
489
330
47D
100
AcDbEntity
  8
Defpoints
100
AcDbPoint
 10
1999.3
 20
-2.235
 30
0.0
  0
POINT
  5
48A
330
47D
100
AcDbEntity
  8
Defpoints
100
AcDbPoint
 10
1999.8
 20
-2.235
 30
0.0
  0
ENDBLK
  5
47F
330
47D
100
AcDbEntity
  8
0
100
AcDbBlockEnd
  0
BLOCK
  5
48D
330
48C
100
AcDbEntity
  8
0
100
AcDbBlockBegin
  2
*D43
 70
1
 10
0.0
 20
0.0
 30
0.0
  3
*D43
  1

  0
LINE
  5
48F
330
48C
100
AcDbEntity
  8
0
 62
3
100
AcDbLine
 10
1999.8
 20
-2.235
 30
0.0
 11
1999.8
 21
-2.81
 31
0.0
  0
LINE
  5
490
330
48C
100
AcDbEntity
  8
0
 62
3
100
AcDbLine
 10
2000.0
 20
-2.235
 30
0.0
 11
2000.0
 21
-2.81
 31
0.0
  0
INSERT
  5
491
330
48C
100
AcDbEntity
  8
Размеры
 62
3
100
AcDbBlockReference
  2
_OBLIQUE
 10
1999.8
 20
-2.735
 30
0.0
 41
0.13
 42
0.13
  0
INSERT
  5
493
330
48C
100
AcDbEntity
  8
Размеры
 62
3
100
AcDbBlockReference
  2
_OBLIQUE
 10
2000.0
 20
-2.735
 30
0.0
 41
0.13
 42
0.13
  0
LINE
  5
495
330
48C
100
AcDbEntity
  8
0
 62
3
100
AcDbLine
 10
1999.8
 20
-2.735
 30
0.0
 11
2000.0
 21
-2.735
 31
0.0
  0
MTEXT
  5
496
330
48C
100
AcDbEntity
  8
Размеры
 62
3
100
AcDbMText
 10
1999.9
 20
-2.6325
 30
0.0
 40
0.125
 71
5
  1
0,2
  7
ГОСТ тип Б
 45
1.1
 90
3
 63
1
  0
POINT
  5
497
330
48C
100
AcDbEntity
  8
Defpoints
100
AcDbPoint
 10
1999.8
 20
-2.735
 30
0.0
  0
POINT
  5
498
330
48C
100
AcDbEntity
  8
Defpoints
100
AcDbPoint
 10
1999.8
 20
-2.235
 30
0.0
  0
POINT
  5
499
330
48C
100
AcDbEntity
  8
Defpoints
100
AcDbPoint
 10
2000.0
 20
-2.235
 30
0.0
  0
ENDBLK
  5
48E
330
48C
100
AcDbEntity
  8
0
100
AcDbBlockEnd
  0
BLOCK
  5
49C
330
49B
100
AcDbEntity
  8
0
100
AcDbBlockBegin
  2
*D44
 70
1
 10
0.0
 20
0.0
 30
0.0
  3
*D44
  1

  0
LINE
  5
49E
330
49B
100
AcDbEntity
  8
0
 62
3
100
AcDbLine
 10
1997.10255
 20
0.0
 30
0.0
 11
1997.10255
 21
-3.16
 31
0.0
  0
LINE
  5
49F
330
49B
100
AcDbEntity
  8
0
 62
3
100
AcDbLine
 10
2000.0
 20
-2.235
 30
0.0
 11
2000.0
 21
-3.16
 31
0.0
  0
INSERT
  5
4A0
330
49B
100
AcDbEntity
  8
Размеры
 62
3
100
AcDbBlockReference
  2
_OBLIQUE
 10
1997.10255
 20
-3.085
 30
0.0
 41
0.13
 42
0.13
  0
INSERT
  5
4A2
330
49B
100
AcDbEntity
  8
Размеры
 62
3
100
AcDbBlockReference
  2
_OBLIQUE
 10
2000.0
 20
-3.085
 30
0.0
 41
0.13
 42
0.13
  0
LINE
  5
4A4
330
49B
100
AcDbEntity
  8
0
 62
3
100
AcDbLine
 10
1997.10255
 20
-3.085
 30
0.0
 11
2000.0
 21
-3.085
 31
0.0
  0
MTEXT
  5
4A5
330
49B
100
AcDbEntity
  8
Размеры
 62
3
100
AcDbMText
 10
1998.551275
 20
-2.9825
 30
0.0
 40
0.125
 71
5
  1
2,897
  7
ГОСТ тип Б
 45
1.1
 90
3
 63
1
  0
POINT
  5
4A6
330
49B
100
AcDbEntity
  8
Defpoints
100
AcDbPoint
 10
1997.10255
 20
-3.085
 30
0.0
  0
POINT
  5
4A7
330
49B
100
AcDbEntity
  8
Defpoints
100
AcDbPoint
 10
1997.10255
 20
0.0
 30
0.0
  0
POINT
  5
4A8
330
49B
100
AcDbEntity
  8
Defpoints
100
AcDbPoint
 10
2000.0
 20
-2.235
 30
0.0
  0
ENDBLK
  5
49D
330
49B
100
AcDbEntity
  8
0
100
AcDbBlockEnd
  0
BLOCK
  5
4AB
330
4AA
100
AcDbEntity
  8
0
100
AcDbBlockBegin
  2
*D45
 70
1
 10
0.0
 20
0.0
 30
0.0
  3
*D45
  1

  0
LINE
  5
4AD
330
4AA
100
AcDbEntity
  8
0
 62
3
100
AcDbLine
 10
1998.6
 20
-2.235
 30
0.0
 11
1995.625
 21
-2.235
 31
0.0
  0
LINE
  5
4AE
330
4AA
100
AcDbEntity
  8
0
 62
3
100
AcDbLine
 10
1997.10255
 20
0.0
 30
0.0
 11
1995.625
 21
0.0
 31
0.0
  0
INSERT
  5
4AF
330
4AA
100
AcDbEntity
  8
Размеры
 62
3
100
AcDbBlockReference
  2
_OBLIQUE
 10
1995.7
 20
-2.235
 30
0.0
 41
0.13
 42
0.13
 50
90.0
  0
INSERT
  5
4B1
330
4AA
100
AcDbEntity
  8
Размеры
 62
3
100
AcDbBlockReference
  2
_OBLIQUE
 10
1995.7
 20
0.0
 30
0.0
 41
0.13
 42
0.13
 50
90.0
  0
LINE
  5
4B3
330
4AA
100
AcDbEntity
  8
0
 62
3
100
AcDbLine
 10
1995.7
 20
-2.235
 30
0.0
 11
1995.7
 21
0.0
 31
0.0
  0
MTEXT
  5
4B4
330
4AA
100
AcDbEntity
  8
Размеры
 62
3
100
AcDbMText
 10
1995.5975
 20
-1.1175
 30
0.0
 40
0.125
 71
5
  1
2,235
  7
ГОСТ тип Б
 50
90.0
 45
1.1
 90
3
 63
1
  0
POINT
  5
4B5
330
4AA
100
AcDbEntity
  8
Defpoints
100
AcDbPoint
 10
1995.7
 20
-2.235
 30
0.0
  0
POINT
  5
4B6
330
4AA
100
AcDbEntity
  8
Defpoints
100
AcDbPoint
 10
1998.6
 20
-2.235
 30
0.0
  0
POINT
  5
4B7
330
4AA
100
AcDbEntity
  8
Defpoints
100
AcDbPoint
 10
1997.10255
 20
0.0
 30
0.0
  0
ENDBLK
  5
4AC
330
4AA
100
AcDbEntity
  8
0
100
AcDbBlockEnd
  0
BLOCK
  5
4BA
330
4B9
100
AcDbEntity
  8
0
100
AcDbBlockBegin
  2
*D46
 70
1
 10
0.0
 20
0.0
 30
0.0
  3
*D46
  1

  0
LINE
  5
4BC
330
4B9
100
AcDbEntity
  8
0
 62
3
100
AcDbLine
 10
1998.6
 20
-2.235
 30
0.0
 11
1995.125
 21
-2.235
 31
0.0
  0
LINE
  5
4BD
330
4B9
100
AcDbEntity
  8
0
 62
3
100
AcDbLine
 10
1994.8
 20
0.165
 30
0.0
 11
1995.275
 21
0.165
 31
0.0
  0
INSERT
  5
4BE
330
4B9
100
AcDbEntity
  8
Размеры
 62
3
100
AcDbBlockReference
  2
_OBLIQUE
 10
1995.2
 20
-2.235
 30
0.0
 41
0.13
 42
0.13
 50
90.0
  0
INSERT
  5
4C0
330
4B9
100
AcDbEntity
  8
Размеры
 62
3
100
AcDbBlockReference
  2
_OBLIQUE
 10
1995.2
 20
0.165
 30
0.0
 41
0.13
 42
0.13
 50
90.0
  0
LINE
  5
4C2
330
4B9
100
AcDbEntity
  8
0
 62
3
100
AcDbLine
 10
1995.2
 20
-2.235
 30
0.0
 11
1995.2
 21
0.165
 31
0.0
  0
MTEXT
  5
4C3
330
4B9
100
AcDbEntity
  8
Размеры
 62
3
100
AcDbMText
 10
1995.0975
 20
-1.035
 30
0.0
 40
0.125
 71
5
  1
2,4
  7
ГОСТ тип Б
 50
90.0
 45
1.1
 90
3
 63
1
  0
POINT
  5
4C4
330
4B9
100
AcDbEntity
  8
Defpoints
100
AcDbPoint
 10
1995.2
 20
-2.235
 30
0.0
  0
POINT
  5
4C5
330
4B9
100
AcDbEntity
  8
Defpoints
100
AcDbPoint
 10
1998.6
 20
-2.235
 30
0.0
  0
POINT
  5
4C6
330
4B9
100
AcDbEntity
  8
Defpoints
100
AcDbPoint
 10
1994.8
 20
0.165
 30
0.0
  0
ENDBLK
  5
4BB
330
4B9
100
AcDbEntity
  8
0
100
AcDbBlockEnd
  0
BLOCK
  5
4D9
330
4D8
100
AcDbEntity
  8
0
100
AcDbBlockBegin
  2
*Paper_Space0
 70
0
 10
0.0
 20
0.0
 30
0.0
  3
*Paper_Space0
  1

  0
VIEWPORT
  5
4DC
330
4D8
100
AcDbEntity
 67
1
  8
VIEWPORTS
100
AcDbViewport
 10
210.0
 20
148.5
 30
0.0
 40
462.00000000000006
 41
326.70000000000005
 68
1
 69
1
 12
210.0
 22
148.5
 13
0.0
 23
0.0
 14
10.0
 24
10.0
 15
10.0
 25
10.0
 16
0.0
 26
0.0
 36
1.0
 17
0.0
 27
0.0
 37
0.0
 42
50.0
 43
0.0
 44
0.0
 45
326.70000000000005
 50
0.0
 51
0.0
 72
100
 90
557088
  1

281
0
 71
0
 74
0
110
0.0
120
0.0
130
0.0
111
1.0
121
0.0
131
0.0
112
0.0
122
1.0
132
0.0
 79
0
146
0.0
282
0
  0
LWPOLYLINE
  5
4DD
330
4D8
100
AcDbEntity
 67
1
  8
Видовой_экран
100
AcDbPolyline
 90
4
 70
1
 10
0.0
 20
0.0
 10
420.0
 20
0.0
 10
420.0
 20
297.0
 10
0.0
 20
297.0
  0
LWPOLYLINE
  5
4DE
330
4D8
100
AcDbEntity
 67
1
  8
Рамка
100
AcDbPolyline
 90
4
 70
1
 10
20.0
 20
5.0
 10
415.0
 20
5.0
 10
415.0
 20
292.0
 10
20.0
 20
292.0
  0
LWPOLYLINE
  5
4DF
330
4D8
100
AcDbEntity
 67
1
  8
Штамп
370
70
100
AcDbPolyline
 90
4
 70
1
 10
230.0
 20
5.0
 10
415.0
 20
5.0
 10
415.0
 20
60.0
 10
230.0
 20
60.0
  0
LINE
  5
4E0
330
4D8
100
AcDbEntity
 67
1
  8
Штамп
370
25
100
AcDbLine
 10
240.0
 20
35.0
 30
0.0
 11
240.0
 21
60.0
 31
0.0
  0
LINE
  5
4E1
330
4D8
100
AcDbEntity
 67
1
  8
Штамп
370
25
100
AcDbLine
 10
250.0
 20
5.0
 30
0.0
 11
250.0
 21
60.0
 31
0.0
  0
LINE
  5
4E2
330
4D8
100
AcDbEntity
 67
1
  8
Штамп
370
25
100
AcDbLine
 10
260.0
 20
35.0
 30
0.0
 11
260.0
 21
60.0
 31
0.0
  0
LINE
  5
4E3
330
4D8
100
AcDbEntity
 67
1
  8
Штамп
370
25
100
AcDbLine
 10
270.0
 20
5.0
 30
0.0
 11
270.0
 21
60.0
 31
0.0
  0
LINE
  5
4E4
330
4D8
100
AcDbEntity
 67
1
  8
Штамп
370
25
100
AcDbLine
 10
285.0
 20
5.0
 30
0.0
 11
285.0
 21
60.0
 31
0.0
  0
LINE
  5
4E5
330
4D8
100
AcDbEntity
 67
1
  8
Штамп
370
70
100
AcDbLine
 10
295.0
 20
5.0
 30
0.0
 11
295.0
 21
60.0
 31
0.0
  0
LINE
  5
4E6
330
4D8
100
AcDbEntity
 67
1
  8
Штамп
370
25
100
AcDbLine
 10
230.0
 20
10.0
 30
0.0
 11
295.0
 21
10.0
 31
0.0
  0
LINE
  5
4E7
330
4D8
100
AcDbEntity
 67
1
  8
Штамп
370
25
100
AcDbLine
 10
230.0
 20
15.0
 30
0.0
 11
295.0
 21
15.0
 31
0.0
  0
LINE
  5
4E8
330
4D8
100
AcDbEntity
 67
1
  8
Штамп
370
25
100
AcDbLine
 10
230.0
 20
20.0
 30
0.0
 11
295.0
 21
20.0
 31
0.0
  0
LINE
  5
4E9
330
4D8
100
AcDbEntity
 67
1
  8
Штамп
370
25
100
AcDbLine
 10
230.0
 20
25.0
 30
0.0
 11
295.0
 21
25.0
 31
0.0
  0
LINE
  5
4EA
330
4D8
100
AcDbEntity
 67
1
  8
Штамп
370
25
100
AcDbLine
 10
230.0
 20
30.0
 30
0.0
 11
295.0
 21
30.0
 31
0.0
  0
LINE
  5
4EB
330
4D8
100
AcDbEntity
 67
1
  8
Штамп
370
70
100
AcDbLine
 10
230.0
 20
35.0
 30
0.0
 11
295.0
 21
35.0
 31
0.0
  0
LINE
  5
4EC
330
4D8
100
AcDbEntity
 67
1
  8
Штамп
370
70
100
AcDbLine
 10
230.0
 20
40.0
 30
0.0
 11
295.0
 21
40.0
 31
0.0
  0
LINE
  5
4ED
330
4D8
100
AcDbEntity
 67
1
  8
Штамп
370
25
100
AcDbLine
 10
230.0
 20
45.0
 30
0.0
 11
295.0
 21
45.0
 31
0.0
  0
LINE
  5
4EE
330
4D8
100
AcDbEntity
 67
1
  8
Штамп
370
25
100
AcDbLine
 10
230.0
 20
50.0
 30
0.0
 11
295.0
 21
50.0
 31
0.0
  0
LINE
  5
4EF
330
4D8
100
AcDbEntity
 67
1
  8
Штамп
370
25
100
AcDbLine
 10
230.0
 20
55.0
 30
0.0
 11
295.0
 21
55.0
 31
0.0
  0
LINE
  5
4F0
330
4D8
100
AcDbEntity
 67
1
  8
Штамп
370
70
100
AcDbLine
 10
295.0
 20
50.0
 30
0.0
 11
415.0
 21
50.0
 31
0.0
  0
LINE
  5
4F1
330
4D8
100
AcDbEntity
 67
1
  8
Штамп
370
70
100
AcDbLine
 10
295.0
 20
35.0
 30
0.0
 11
415.0
 21
35.0
 31
0.0
  0
LINE
  5
4F2
330
4D8
100
AcDbEntity
 67
1
  8
Штамп
370
70
100
AcDbLine
 10
295.0
 20
20.0
 30
0.0
 11
415.0
 21
20.0
 31
0.0
  0
LINE
  5
4F3
330
4D8
100
AcDbEntity
 67
1
  8
Штамп
370
70
100
AcDbLine
 10
365.0
 20
5.0
 30
0.0
 11
365.0
 21
35.0
 31
0.0
  0
LINE
  5
4F4
330
4D8
100
AcDbEntity
 67
1
  8
Штамп
370
25
100
AcDbLine
 10
365.0
 20
30.0
 30
0.0
 11
415.0
 21
30.0
 31
0.0
  0
LINE
  5
4F5
330
4D8
100
AcDbEntity
 67
1
  8
Штамп
370
25
100
AcDbLine
 10
380.0
 20
20.0
 30
0.0
 11
380.0
 21
35.0
 31
0.0
  0
LINE
  5
4F6
330
4D8
100
AcDbEntity
 67
1
  8
Штамп
370
25
100
AcDbLine
 10
395.0
 20
20.0
 30
0.0
 11
395.0
 21
35.0
 31
0.0
  0
MTEXT
  5
4F7
330
4D8
100
AcDbEntity
 67
1
  8
Штамп
100
AcDbMText
 10
235.0
 20
37.5
 30
0.0
 40
2.0
 71
5
  1
\W0.8;Изм.
  7
ГОСТ тип Б
  0
MTEXT
  5
4F8
330
4D8
100
AcDbEntity
 67
1
  8
Штамп
100
AcDbMText
 10
245.0
 20
37.5
 30
0.0
 40
2.0
 71
5
  1
\W0.8;Кол.уч.
  7
ГОСТ тип Б
  0
MTEXT
  5
4F9
330
4D8
100
AcDbEntity
 67
1
  8
Штамп
100
AcDbMText
 10
255.0
 20
37.5
 30
0.0
 40
2.0
 71
5
  1
\W0.8;Лист
  7
ГОСТ тип Б
  0
MTEXT
  5
4FA
330
4D8
100
AcDbEntity
 67
1
  8
Штамп
100
AcDbMText
 10
265.0
 20
37.5
 30
0.0
 40
2.0
 71
5
  1
\W0.8;№док.
  7
ГОСТ тип Б
  0
MTEXT
  5
4FB
330
4D8
100
AcDbEntity
 67
1
  8
Штамп
100
AcDbMText
 10
277.5
 20
37.5
 30
0.0
 40
2.0
 71
5
  1
\W0.8;Подп.
  7
ГОСТ тип Б
  0
MTEXT
  5
4FC
330
4D8
100
AcDbEntity
 67
1
  8
Штамп
100
AcDbMText
 10
290.0
 20
37.5
 30
0.0
 40
2.0
 71
5
  1
\W0.8;Дата
  7
ГОСТ тип Б
  0
MTEXT
  5
4FD
330
4D8
100
AcDbEntity
 67
1
  8
Штамп
100
AcDbMText
 10
231.0
 20
32.5
 30
0.0
 40
2.0
 71
4
  1
\W0.8;Разработал
  7
ГОСТ тип Б
  0
MTEXT
  5
4FE
330
4D8
100
AcDbEntity
 67
1
  8
Штамп
100
AcDbMText
 10
251.0
 20
32.5
 30
0.0
 40
2.0
 71
4
  1
\W0.8;Буев Д.Р.
  7
ГОСТ тип Б
  0
MTEXT
  5
4FF
330
4D8
100
AcDbEntity
 67
1
  8
Штамп
100
AcDbMText
 10
231.0
 20
27.5
 30
0.0
 40
2.0
 71
4
  1
\W0.8;Проверил
  7
ГОСТ тип Б
  0
MTEXT
  5
500
330
4D8
100
AcDbEntity
 67
1
  8
Штамп
100
AcDbMText
 10
251.0
 20
27.5
 30
0.0
 40
2.0
 71
4
  1
\W0.8;Забелина О.Б.
  7
ГОСТ тип Б
  0
MTEXT
  5
501
330
4D8
100
AcDbEntity
 67
1
  8
Штамп
100
AcDbMText
 10
231.0
 20
22.5
 30
0.0
 40
2.0
 71
4
  1
\W0.8;Т. контр.
  7
ГОСТ тип Б
  0
MTEXT
  5
502
330
4D8
100
AcDbEntity
 67
1
  8
Штамп
100
AcDbMText
 10
251.0
 20
22.5
 30
0.0
 40
2.0
 71
4
  1
\W0.8;
  7
ГОСТ тип Б
  0
MTEXT
  5
503
330
4D8
100
AcDbEntity
 67
1
  8
Штамп
100
AcDbMText
 10
231.0
 20
17.5
 30
0.0
 40
2.0
 71
4
  1
\W0.8;
  7
ГОСТ тип Б
  0
MTEXT
  5
504
330
4D8
100
AcDbEntity
 67
1
  8
Штамп
100
AcDbMText
 10
251.0
 20
17.5
 30
0.0
 40
2.0
 71
4
  1
\W0.8;
  7
ГОСТ тип Б
  0
MTEXT
  5
505
330
4D8
100
AcDbEntity
 67
1
  8
Штамп
100
AcDbMText
 10
231.0
 20
12.5
 30
0.0
 40
2.0
 71
4
  1
\W0.8;Н. контр.
  7
ГОСТ тип Б
  0
MTEXT
  5
506
330
4D8
100
AcDbEntity
 67
1
  8
Штамп
100
AcDbMText
 10
251.0
 20
12.5
 30
0.0
 40
2.0
 71
4
  1
\W0.8;
  7
ГОСТ тип Б
  0
MTEXT
  5
507
330
4D8
100
AcDbEntity
 67
1
  8
Штамп
100
AcDbMText
 10
231.0
 20
7.5
 30
0.0
 40
2.0
 71
4
  1
\W0.8;Утв.
  7
ГОСТ тип Б
  0
MTEXT
  5
508
330
4D8
100
AcDbEntity
 67
1
  8
Штамп
100
AcDbMText
 10
251.0
 20
7.5
 30
0.0
 40
2.0
 71
4
  1
\W0.8;
  7
ГОСТ тип Б
  0
MTEXT
  5
509
330
4D8
100
AcDbEntity
 67
1
  8
Штамп
100
AcDbMText
 10
355.0
 20
55.0
 30
0.0
 40
3.5
 71
5
  1
НИУ МГСУ 08.05.01 - КР - 2026
  7
ГОСТ тип Б
  0
MTEXT
  5
50A
330
4D8
100
AcDbEntity
 67
1
  8
Штамп
100
AcDbMText
 10
355.0
 20
42.5
 30
0.0
 40
2.5
 41
115.0
 71
5
  1
Разработка технологической карты на производство\Pземляных работ. Вариант 2, грунт - супесь
  7
ГОСТ тип Б
  0
MTEXT
  5
50B
330
4D8
100
AcDbEntity
 67
1
  8
Штамп
100
AcDbMText
 10
330.0
 20
27.5
 30
0.0
 40
2.5
 41
66.0
 71
5
  1
Графическая часть\Pкурсовой работы
  7
ГОСТ тип Б
  0
MTEXT
  5
50C
330
4D8
100
AcDbEntity
 67
1
  8
Штамп
100
AcDbMText
 10
372.5
 20
32.5
 30
0.0
 40
2.0
 71
5
  1
\W0.8;Стадия
  7
ГОСТ тип Б
  0
MTEXT
  5
50D
330
4D8
100
AcDbEntity
 67
1
  8
Штамп
100
AcDbMText
 10
387.5
 20
32.5
 30
0.0
 40
2.0
 71
5
  1
\W0.8;Лист
  7
ГОСТ тип Б
  0
MTEXT
  5
50E
330
4D8
100
AcDbEntity
 67
1
  8
Штамп
100
AcDbMText
 10
405.0
 20
32.5
 30
0.0
 40
2.0
 71
5
  1
\W0.8;Листов
  7
ГОСТ тип Б
  0
MTEXT
  5
50F
330
4D8
100
AcDbEntity
 67
1
  8
Штамп
100
AcDbMText
 10
372.5
 20
25.0
 30
0.0
 40
3.0
 71
5
  1
У
  7
ГОСТ тип Б
  0
MTEXT
  5
510
330
4D8
100
AcDbEntity
 67
1
  8
Штамп
100
AcDbMText
 10
387.5
 20
25.0
 30
0.0
 40
3.0
 71
5
  1
2
  7
ГОСТ тип Б
  0
MTEXT
  5
511
330
4D8
100
AcDbEntity
 67
1
  8
Штамп
100
AcDbMText
 10
330.0
 20
12.5
 30
0.0
 40
2.5
 41
68.0
 71
5
  1
Котлован. План М 1:500,\Pразрез 1-1 (фрагмент) М 1:50
  7
ГОСТ тип Б
  0
MTEXT
  5
512
330
4D8
100
AcDbEntity
 67
1
  8
Штамп
100
AcDbMText
 10
390.0
 20
12.5
 30
0.0
 40
2.0
 41
48.0
 71
5
  1
Кафедра технологий\Pи организации строительного\Pпроизводства
  7
ГОСТ тип Б
  0
VIEWPORT
  5
513
330
4D8
100
AcDbEntity
 67
1
  8
Видовой_экран
100
AcDbViewport
 10
141.0
 20
215.0
 30
0.0
 40
232.0
 41
124.0
 68
2
 69
3
 12
1051.60255
 22
147.60255
 13
0.0
 23
0.0
 14
10.0
 24
10.0
 15
10.0
 25
10.0
 16
0.0
 26
0.0
 36
1.0
 17
0.0
 27
0.0
 37
0.0
 42
50.0
 43
0.0
 44
0.0
 45
62.0
 50
0.0
 51
0.0
 72
100
 90
16384
  1

281
0
 71
0
 74
0
110
0.0
120
0.0
130
0.0
111
1.0
121
0.0
131
0.0
112
0.0
122
1.0
132
0.0
 79
0
146
0.0
282
0
  0
VIEWPORT
  5
514
330
4D8
100
AcDbEntity
 67
1
  8
Видовой_экран
100
AcDbViewport
 10
126.5
 20
104.0
 30
0.0
 40
203.0
 41
88.0
 68
2
 69
4
 12
1999.575
 22
-1.0349999999999997
 13
0.0
 23
0.0
 14
10.0
 24
10.0
 15
10.0
 25
10.0
 16
0.0
 26
0.0
 36
1.0
 17
0.0
 27
0.0
 37
0.0
 42
50.0
 43
0.0
 44
0.0
 45
4.4
 50
0.0
 51
0.0
 72
100
 90
16384
  1

281
0
 71
0
 74
0
110
0.0
120
0.0
130
0.0
111
1.0
121
0.0
131
0.0
112
0.0
122
1.0
132
0.0
 79
0
146
0.0
282
0
  0
MTEXT
  5
515
330
4D8
100
AcDbEntity
 67
1
  8
Надписи
100
AcDbMText
 10
141.0
 20
281.0
 30
0.0
 40
5.0
 71
5
  1
\W0.8;План котлована  М 1:500
  7
ГОСТ тип Б
  0
MTEXT
  5
516
330
4D8
100
AcDbEntity
 67
1
  8
Надписи
100
AcDbMText
 10
126.5
 20
151.0
 30
0.0
 40
3.5
 71
5
  1
\W0.8;1-1 (фрагмент)  М 1:50
  7
ГОСТ тип Б
  0
MTEXT
  5
517
330
4D8
100
AcDbEntity
 67
1
  8
Надписи
100
AcDbMText
 10
262.0
 20
275.5
 30
0.0
 40
3.0
 71
7
  1
\W0.8;Параметры котлована
  7
ГОСТ тип Б
  0
LWPOLYLINE
  5
518
330
4D8
100
AcDbEntity
 67
1
  8
Штамп
100
AcDbPolyline
 90
4
 70
1
 10
262.0
 20
274.0
 10
342.0
 20
274.0
 10
342.0
 20
268.0
 10
262.0
 20
268.0
  0
MTEXT
  5
519
330
4D8
100
AcDbEntity
 67
1
  8
Надписи
100
AcDbMText
 10
263.2
 20
271.0
 30
0.0
 40
2.5
 71
4
  1
\W0.8;Параметр
  7
ГОСТ тип Б
  0
LWPOLYLINE
  5
51A
330
4D8
100
AcDbEntity
 67
1
  8
Штамп
100
AcDbPolyline
 90
4
 70
1
 10
342.0
 20
274.0
 10
362.0
 20
274.0
 10
362.0
 20
268.0
 10
342.0
 20
268.0
  0
MTEXT
  5
51B
330
4D8
100
AcDbEntity
 67
1
  8
Надписи
100
AcDbMText
 10
352.0
 20
271.0
 30
0.0
 40
2.5
 71
5
  1
\W0.8;Обозн.
  7
ГОСТ тип Б
  0
LWPOLYLINE
  5
51C
330
4D8
100
AcDbEntity
 67
1
  8
Штамп
100
AcDbPolyline
 90
4
 70
1
 10
362.0
 20
274.0
 10
408.0
 20
274.0
 10
408.0
 20
268.0
 10
362.0
 20
268.0
  0
MTEXT
  5
51D
330
4D8
100
AcDbEntity
 67
1
  8
Надписи
100
AcDbMText
 10
385.0
 20
271.0
 30
0.0
 40
2.5
 71
5
  1
\W0.8;Значение
  7
ГОСТ тип Б
  0
LWPOLYLINE
  5
51E
330
4D8
100
AcDbEntity
 67
1
  8
Штамп
100
AcDbPolyline
 90
4
 70
1
 10
262.0
 20
268.0
 10
342.0
 20
268.0
 10
342.0
 20
262.0
 10
262.0
 20
262.0
  0
MTEXT
  5
51F
330
4D8
100
AcDbEntity
 67
1
  8
Надписи
100
AcDbMText
 10
263.2
 20
265.0
 30
0.0
 40
2.5
 71
4
  1
\W0.8;Глубина по заданию, м
  7
ГОСТ тип Б
  0
LWPOLYLINE
  5
520
330
4D8
100
AcDbEntity
 67
1
  8
Штамп
100
AcDbPolyline
 90
4
 70
1
 10
342.0
 20
268.0
 10
362.0
 20
268.0
 10
362.0
 20
262.0
 10
342.0
 20
262.0
  0
MTEXT
  5
521
330
4D8
100
AcDbEntity
 67
1
  8
Надписи
100
AcDbMText
 10
352.0
 20
265.0
 30
0.0
 40
2.5
 71
5
  1
\W0.8;Нк
  7
ГОСТ тип Б
  0
LWPOLYLINE
  5
522
330
4D8
100
AcDbEntity
 67
1
  8
Штамп
100
AcDbPolyline
 90
4
 70
1
 10
362.0
 20
268.0
 10
408.0
 20
268.0
 10
408.0
 20
262.0
 10
362.0
 20
262.0
  0
MTEXT
  5
523
330
4D8
100
AcDbEntity
 67
1
  8
Надписи
100
AcDbMText
 10
385.0
 20
265.0
 30
0.0
 40
2.5
 71
5
  1
\W0.8;2,4
  7
ГОСТ тип Б
  0
LWPOLYLINE
  5
524
330
4D8
100
AcDbEntity
 67
1
  8
Штамп
100
AcDbPolyline
 90
4
 70
1
 10
262.0
 20
262.0
 10
342.0
 20
262.0
 10
342.0
 20
256.0
 10
262.0
 20
256.0
  0
MTEXT
  5
525
330
4D8
100
AcDbEntity
 67
1
  8
Надписи
100
AcDbMText
 10
263.2
 20
259.0
 30
0.0
 40
2.5
 71
4
  1
\W0.8;Рабочая отметка в центре, м
  7
ГОСТ тип Б
  0
LWPOLYLINE
  5
526
330
4D8
100
AcDbEntity
 67
1
  8
Штамп
100
AcDbPolyline
 90
4
 70
1
 10
342.0
 20
262.0
 10
362.0
 20
262.0
 10
362.0
 20
256.0
 10
342.0
 20
256.0
  0
MTEXT
  5
527
330
4D8
100
AcDbEntity
 67
1
  8
Надписи
100
AcDbMText
 10
352.0
 20
259.0
 30
0.0
 40
2.5
 71
5
  1
\W0.8;hр
  7
ГОСТ тип Б
  0
LWPOLYLINE
  5
528
330
4D8
100
AcDbEntity
 67
1
  8
Штамп
100
AcDbPolyline
 90
4
 70
1
 10
362.0
 20
262.0
 10
408.0
 20
262.0
 10
408.0
 20
256.0
 10
362.0
 20
256.0
  0
MTEXT
  5
529
330
4D8
100
AcDbEntity
 67
1
  8
Надписи
100
AcDbMText
 10
385.0
 20
259.0
 30
0.0
 40
2.5
 71
5
  1
\W0.8;+0,165
  7
ГОСТ тип Б
  0
LWPOLYLINE
  5
52A
330
4D8
100
AcDbEntity
 67
1
  8
Штамп
100
AcDbPolyline
 90
4
 70
1
 10
262.0
 20
256.0
 10
342.0
 20
256.0
 10
342.0
 20
250.0
 10
262.0
 20
250.0
  0
MTEXT
  5
52B
330
4D8
100
AcDbEntity
 67
1
  8
Надписи
100
AcDbMText
 10
263.2
 20
253.0
 30
0.0
 40
2.5
 71
4
  1
\W0.8;Фактическая глубина, м
  7
ГОСТ тип Б
  0
LWPOLYLINE
  5
52C
330
4D8
100
AcDbEntity
 67
1
  8
Штамп
100
AcDbPolyline
 90
4
 70
1
 10
342.0
 20
256.0
 10
362.0
 20
256.0
 10
362.0
 20
250.0
 10
342.0
 20
250.0
  0
MTEXT
  5
52D
330
4D8
100
AcDbEntity
 67
1
  8
Надписи
100
AcDbMText
 10
352.0
 20
253.0
 30
0.0
 40
2.5
 71
5
  1
\W0.8;hк
  7
ГОСТ тип Б
  0
LWPOLYLINE
  5
52E
330
4D8
100
AcDbEntity
 67
1
  8
Штамп
100
AcDbPolyline
 90
4
 70
1
 10
362.0
 20
256.0
 10
408.0
 20
256.0
 10
408.0
 20
250.0
 10
362.0
 20
250.0
  0
MTEXT
  5
52F
330
4D8
100
AcDbEntity
 67
1
  8
Надписи
100
AcDbMText
 10
385.0
 20
253.0
 30
0.0
 40
2.5
 71
5
  1
\W0.8;2,235
  7
ГОСТ тип Б
  0
LWPOLYLINE
  5
530
330
4D8
100
AcDbEntity
 67
1
  8
Штамп
100
AcDbPolyline
 90
4
 70
1
 10
262.0
 20
250.0
 10
342.0
 20
250.0
 10
342.0
 20
244.0
 10
262.0
 20
244.0
  0
MTEXT
  5
531
330
4D8
100
AcDbEntity
 67
1
  8
Надписи
100
AcDbMText
 10
263.2
 20
247.0
 30
0.0
 40
2.5
 71
4
  1
\W0.8;Откос (супесь, hк до 3 м)
  7
ГОСТ тип Б
  0
LWPOLYLINE
  5
532
330
4D8
100
AcDbEntity
 67
1
  8
Штамп
100
AcDbPolyline
 90
4
 70
1
 10
342.0
 20
250.0
 10
362.0
 20
250.0
 10
362.0
 20
244.0
 10
342.0
 20
244.0
  0
MTEXT
  5
533
330
4D8
100
AcDbEntity
 67
1
  8
Надписи
100
AcDbMText
 10
352.0
 20
247.0
 30
0.0
 40
2.5
 71
5
  1
\W0.8;1:m
  7
ГОСТ тип Б
  0
LWPOLYLINE
  5
534
330
4D8
100
AcDbEntity
 67
1
  8
Штамп
100
AcDbPolyline
 90
4
 70
1
 10
362.0
 20
250.0
 10
408.0
 20
250.0
 10
408.0
 20
244.0
 10
362.0
 20
244.0
  0
MTEXT
  5
535
330
4D8
100
AcDbEntity
 67
1
  8
Надписи
100
AcDbMText
 10
385.0
 20
247.0
 30
0.0
 40
2.5
 71
5
  1
\W0.8;1:0,67
  7
ГОСТ тип Б
  0
LWPOLYLINE
  5
536
330
4D8
100
AcDbEntity
 67
1
  8
Штамп
100
AcDbPolyline
 90
4
 70
1
 10
262.0
 20
244.0
 10
342.0
 20
244.0
 10
342.0
 20
238.0
 10
262.0
 20
238.0
  0
MTEXT
  5
537
330
4D8
100
AcDbEntity
 67
1
  8
Надписи
100
AcDbMText
 10
263.2
 20
241.0
 30
0.0
 40
2.5
 71
4
  1
\W0.8;Заложение откоса, м
  7
ГОСТ тип Б
  0
LWPOLYLINE
  5
538
330
4D8
100
AcDbEntity
 67
1
  8
Штамп
100
AcDbPolyline
 90
4
 70
1
 10
342.0
 20
244.0
 10
362.0
 20
244.0
 10
362.0
 20
238.0
 10
342.0
 20
238.0
  0
MTEXT
  5
539
330
4D8
100
AcDbEntity
 67
1
  8
Надписи
100
AcDbMText
 10
352.0
 20
241.0
 30
0.0
 40
2.5
 71
5
  1
\W0.8;l
  7
ГОСТ тип Б
  0
LWPOLYLINE
  5
53A
330
4D8
100
AcDbEntity
 67
1
  8
Штамп
100
AcDbPolyline
 90
4
 70
1
 10
362.0
 20
244.0
 10
408.0
 20
244.0
 10
408.0
 20
238.0
 10
362.0
 20
238.0
  0
MTEXT
  5
53B
330
4D8
100
AcDbEntity
 67
1
  8
Надписи
100
AcDbMText
 10
385.0
 20
241.0
 30
0.0
 40
2.5
 71
5
  1
\W0.8;1,497
  7
ГОСТ тип Б
  0
LWPOLYLINE
  5
53C
330
4D8
100
AcDbEntity
 67
1
  8
Штамп
100
AcDbPolyline
 90
4
 70
1
 10
262.0
 20
238.0
 10
342.0
 20
238.0
 10
342.0
 20
232.0
 10
262.0
 20
232.0
  0
MTEXT
  5
53D
330
4D8
100
AcDbEntity
 67
1
  8
Надписи
100
AcDbMText
 10
263.2
 20
235.0
 30
0.0
 40
2.5
 71
4
  1
\W0.8;Низ котлована, м
  7
ГОСТ тип Б
  0
LWPOLYLINE
  5
53E
330
4D8
100
AcDbEntity
 67
1
  8
Штамп
100
AcDbPolyline
 90
4
 70
1
 10
342.0
 20
238.0
 10
362.0
 20
238.0
 10
362.0
 20
232.0
 10
342.0
 20
232.0
  0
MTEXT
  5
53F
330
4D8
100
AcDbEntity
 67
1
  8
Надписи
100
AcDbMText
 10
352.0
 20
235.0
 30
0.0
 40
2.5
 71
5
  1
\W0.8;
  7
ГОСТ тип Б
  0
LWPOLYLINE
  5
540
330
4D8
100
AcDbEntity
 67
1
  8
Штамп
100
AcDbPolyline
 90
4
 70
1
 10
362.0
 20
238.0
 10
408.0
 20
238.0
 10
408.0
 20
232.0
 10
362.0
 20
232.0
  0
MTEXT
  5
541
330
4D8
100
AcDbEntity
 67
1
  8
Надписи
100
AcDbMText
 10
385.0
 20
235.0
 30
0.0
 40
2.5
 71
5
  1
\W0.8;62,8 x 32,8
  7
ГОСТ тип Б
  0
LWPOLYLINE
  5
542
330
4D8
100
AcDbEntity
 67
1
  8
Штамп
100
AcDbPolyline
 90
4
 70
1
 10
262.0
 20
232.0
 10
342.0
 20
232.0
 10
342.0
 20
226.0
 10
262.0
 20
226.0
  0
MTEXT
  5
543
330
4D8
100
AcDbEntity
 67
1
  8
Надписи
100
AcDbMText
 10
263.2
 20
229.0
 30
0.0
 40
2.5
 71
4
  1
\W0.8;Верх котлована, м
  7
ГОСТ тип Б
  0
LWPOLYLINE
  5
544
330
4D8
100
AcDbEntity
 67
1
  8
Штамп
100
AcDbPolyline
 90
4
 70
1
 10
342.0
 20
232.0
 10
362.0
 20
232.0
 10
362.0
 20
226.0
 10
342.0
 20
226.0
  0
MTEXT
  5
545
330
4D8
100
AcDbEntity
 67
1
  8
Надписи
100
AcDbMText
 10
352.0
 20
229.0
 30
0.0
 40
2.5
 71
5
  1
\W0.8;
  7
ГОСТ тип Б
  0
LWPOLYLINE
  5
546
330
4D8
100
AcDbEntity
 67
1
  8
Штамп
100
AcDbPolyline
 90
4
 70
1
 10
362.0
 20
232.0
 10
408.0
 20
232.0
 10
408.0
 20
226.0
 10
362.0
 20
226.0
  0
MTEXT
  5
547
330
4D8
100
AcDbEntity
 67
1
  8
Надписи
100
AcDbMText
 10
385.0
 20
229.0
 30
0.0
 40
2.5
 71
5
  1
\W0.8;65,79 x 35,79
  7
ГОСТ тип Б
  0
LWPOLYLINE
  5
548
330
4D8
100
AcDbEntity
 67
1
  8
Штамп
100
AcDbPolyline
 90
4
 70
1
 10
262.0
 20
226.0
 10
342.0
 20
226.0
 10
342.0
 20
220.0
 10
262.0
 20
220.0
  0
MTEXT
  5
549
330
4D8
100
AcDbEntity
 67
1
  8
Надписи
100
AcDbMText
 10
263.2
 20
223.0
 30
0.0
 40
2.5
 71
4
  1
\W0.8;Площадь по низу, м{\H0.6x;\A2;2}
  7
ГОСТ тип Б
  0
LWPOLYLINE
  5
54A
330
4D8
100
AcDbEntity
 67
1
  8
Штамп
100
AcDbPolyline
 90
4
 70
1
 10
342.0
 20
226.0
 10
362.0
 20
226.0
 10
362.0
 20
220.0
 10
342.0
 20
220.0
  0
MTEXT
  5
54B
330
4D8
100
AcDbEntity
 67
1
  8
Надписи
100
AcDbMText
 10
352.0
 20
223.0
 30
0.0
 40
2.5
 71
5
  1
\W0.8;Fк.н
  7
ГОСТ тип Б
  0
LWPOLYLINE
  5
54C
330
4D8
100
AcDbEntity
 67
1
  8
Штамп
100
AcDbPolyline
 90
4
 70
1
 10
362.0
 20
226.0
 10
408.0
 20
226.0
 10
408.0
 20
220.0
 10
362.0
 20
220.0
  0
MTEXT
  5
54D
330
4D8
100
AcDbEntity
 67
1
  8
Надписи
100
AcDbMText
 10
385.0
 20
223.0
 30
0.0
 40
2.5
 71
5
  1
\W0.8;1 555,84
  7
ГОСТ тип Б
  0
LWPOLYLINE
  5
54E
330
4D8
100
AcDbEntity
 67
1
  8
Штамп
100
AcDbPolyline
 90
4
 70
1
 10
262.0
 20
220.0
 10
342.0
 20
220.0
 10
342.0
 20
214.0
 10
262.0
 20
214.0
  0
MTEXT
  5
54F
330
4D8
100
AcDbEntity
 67
1
  8
Надписи
100
AcDbMText
 10
263.2
 20
217.0
 30
0.0
 40
2.5
 71
4
  1
\W0.8;Площадь по верху, м{\H0.6x;\A2;2}
  7
ГОСТ тип Б
  0
LWPOLYLINE
  5
550
330
4D8
100
AcDbEntity
 67
1
  8
Штамп
100
AcDbPolyline
 90
4
 70
1
 10
342.0
 20
220.0
 10
362.0
 20
220.0
 10
362.0
 20
214.0
 10
342.0
 20
214.0
  0
MTEXT
  5
551
330
4D8
100
AcDbEntity
 67
1
  8
Надписи
100
AcDbMText
 10
352.0
 20
217.0
 30
0.0
 40
2.5
 71
5
  1
\W0.8;Fк.в
  7
ГОСТ тип Б
  0
LWPOLYLINE
  5
552
330
4D8
100
AcDbEntity
 67
1
  8
Штамп
100
AcDbPolyline
 90
4
 70
1
 10
362.0
 20
220.0
 10
408.0
 20
220.0
 10
408.0
 20
214.0
 10
362.0
 20
214.0
  0
MTEXT
  5
553
330
4D8
100
AcDbEntity
 67
1
  8
Надписи
100
AcDbMText
 10
385.0
 20
217.0
 30
0.0
 40
2.5
 71
5
  1
\W0.8;1 851,12
  7
ГОСТ тип Б
  0
LWPOLYLINE
  5
554
330
4D8
100
AcDbEntity
 67
1
  8
Штамп
100
AcDbPolyline
 90
4
 70
1
 10
262.0
 20
214.0
 10
342.0
 20
214.0
 10
342.0
 20
208.0
 10
262.0
 20
208.0
  0
MTEXT
  5
555
330
4D8
100
AcDbEntity
 67
1
  8
Надписи
100
AcDbMText
 10
263.2
 20
211.0
 30
0.0
 40
2.5
 71
4
  1
\W0.8;Пандус: ширина x длина, м
  7
ГОСТ тип Б
  0
LWPOLYLINE
  5
556
330
4D8
100
AcDbEntity
 67
1
  8
Штамп
100
AcDbPolyline
 90
4
 70
1
 10
342.0
 20
214.0
 10
362.0
 20
214.0
 10
362.0
 20
208.0
 10
342.0
 20
208.0
  0
MTEXT
  5
557
330
4D8
100
AcDbEntity
 67
1
  8
Надписи
100
AcDbMText
 10
352.0
 20
211.0
 30
0.0
 40
2.5
 71
5
  1
\W0.8;bп
  7
ГОСТ тип Б
  0
LWPOLYLINE
  5
558
330
4D8
100
AcDbEntity
 67
1
  8
Штамп
100
AcDbPolyline
 90
4
 70
1
 10
362.0
 20
214.0
 10
408.0
 20
214.0
 10
408.0
 20
208.0
 10
362.0
 20
208.0
  0
MTEXT
  5
559
330
4D8
100
AcDbEntity
 67
1
  8
Надписи
100
AcDbMText
 10
385.0
 20
211.0
 30
0.0
 40
2.5
 71
5
  1
\W0.8;3 x 22,35
  7
ГОСТ тип Б
  0
MTEXT
  5
55A
330
4D8
100
AcDbEntity
 67
1
  8
Надписи
100
AcDbMText
 10
262.0
 20
197.5
 30
0.0
 40
3.0
 71
7
  1
\W0.8;Объёмы котлована
  7
ГОСТ тип Б
  0
LWPOLYLINE
  5
55B
330
4D8
100
AcDbEntity
 67
1
  8
Штамп
100
AcDbPolyline
 90
4
 70
1
 10
262.0
 20
196.0
 10
342.0
 20
196.0
 10
342.0
 20
190.0
 10
262.0
 20
190.0
  0
MTEXT
  5
55C
330
4D8
100
AcDbEntity
 67
1
  8
Надписи
100
AcDbMText
 10
263.2
 20
193.0
 30
0.0
 40
2.5
 71
4
  1
\W0.8;Объём
  7
ГОСТ тип Б
  0
LWPOLYLINE
  5
55D
330
4D8
100
AcDbEntity
 67
1
  8
Штамп
100
AcDbPolyline
 90
4
 70
1
 10
342.0
 20
196.0
 10
362.0
 20
196.0
 10
362.0
 20
190.0
 10
342.0
 20
190.0
  0
MTEXT
  5
55E
330
4D8
100
AcDbEntity
 67
1
  8
Надписи
100
AcDbMText
 10
352.0
 20
193.0
 30
0.0
 40
2.5
 71
5
  1
\W0.8;Обозн.
  7
ГОСТ тип Б
  0
LWPOLYLINE
  5
55F
330
4D8
100
AcDbEntity
 67
1
  8
Штамп
100
AcDbPolyline
 90
4
 70
1
 10
362.0
 20
196.0
 10
408.0
 20
196.0
 10
408.0
 20
190.0
 10
362.0
 20
190.0
  0
MTEXT
  5
560
330
4D8
100
AcDbEntity
 67
1
  8
Надписи
100
AcDbMText
 10
385.0
 20
193.0
 30
0.0
 40
2.5
 71
5
  1
\W0.8;V, м{\H0.6x;\A2;3}
  7
ГОСТ тип Б
  0
LWPOLYLINE
  5
561
330
4D8
100
AcDbEntity
 67
1
  8
Штамп
100
AcDbPolyline
 90
4
 70
1
 10
262.0
 20
190.0
 10
342.0
 20
190.0
 10
342.0
 20
184.0
 10
262.0
 20
184.0
  0
MTEXT
  5
562
330
4D8
100
AcDbEntity
 67
1
  8
Надписи
100
AcDbMText
 10
263.2
 20
187.0
 30
0.0
 40
2.5
 71
4
  1
\W0.8;Котлован без пандуса
  7
ГОСТ тип Б
  0
LWPOLYLINE
  5
563
330
4D8
100
AcDbEntity
 67
1
  8
Штамп
100
AcDbPolyline
 90
4
 70
1
 10
342.0
 20
190.0
 10
362.0
 20
190.0
 10
362.0
 20
184.0
 10
342.0
 20
184.0
  0
MTEXT
  5
564
330
4D8
100
AcDbEntity
 67
1
  8
Надписи
100
AcDbMText
 10
352.0
 20
187.0
 30
0.0
 40
2.5
 71
5
  1
\W0.8;
  7
ГОСТ тип Б
  0
LWPOLYLINE
  5
565
330
4D8
100
AcDbEntity
 67
1
  8
Штамп
100
AcDbPolyline
 90
4
 70
1
 10
362.0
 20
190.0
 10
408.0
 20
190.0
 10
408.0
 20
184.0
 10
362.0
 20
184.0
  0
MTEXT
  5
566
330
4D8
100
AcDbEntity
 67
1
  8
Надписи
100
AcDbMText
 10
385.0
 20
187.0
 30
0.0
 40
2.5
 71
5
  1
\W0.8;3 802,50
  7
ГОСТ тип Б
  0
LWPOLYLINE
  5
567
330
4D8
100
AcDbEntity
 67
1
  8
Штамп
100
AcDbPolyline
 90
4
 70
1
 10
262.0
 20
184.0
 10
342.0
 20
184.0
 10
342.0
 20
178.0
 10
262.0
 20
178.0
  0
MTEXT
  5
568
330
4D8
100
AcDbEntity
 67
1
  8
Надписи
100
AcDbMText
 10
263.2
 20
181.0
 30
0.0
 40
2.5
 71
4
  1
\W0.8;Пандус
  7
ГОСТ тип Б
  0
LWPOLYLINE
  5
569
330
4D8
100
AcDbEntity
 67
1
  8
Штамп
100
AcDbPolyline
 90
4
 70
1
 10
342.0
 20
184.0
 10
362.0
 20
184.0
 10
362.0
 20
178.0
 10
342.0
 20
178.0
  0
MTEXT
  5
56A
330
4D8
100
AcDbEntity
 67
1
  8
Надписи
100
AcDbMText
 10
352.0
 20
181.0
 30
0.0
 40
2.5
 71
5
  1
\W0.8;Vпан
  7
ГОСТ тип Б
  0
LWPOLYLINE
  5
56B
330
4D8
100
AcDbEntity
 67
1
  8
Штамп
100
AcDbPolyline
 90
4
 70
1
 10
362.0
 20
184.0
 10
408.0
 20
184.0
 10
408.0
 20
178.0
 10
362.0
 20
178.0
  0
MTEXT
  5
56C
330
4D8
100
AcDbEntity
 67
1
  8
Надписи
100
AcDbMText
 10
385.0
 20
181.0
 30
0.0
 40
2.5
 71
5
  1
\W0.8;99,86
  7
ГОСТ тип Б
  0
LWPOLYLINE
  5
56D
330
4D8
100
AcDbEntity
 67
1
  8
Штамп
100
AcDbPolyline
 90
4
 70
1
 10
262.0
 20
178.0
 10
342.0
 20
178.0
 10
342.0
 20
172.0
 10
262.0
 20
172.0
  0
MTEXT
  5
56E
330
4D8
100
AcDbEntity
 67
1
  8
Надписи
100
AcDbMText
 10
263.2
 20
175.0
 30
0.0
 40
2.5
 71
4
  1
\W0.8;Котлован всего
  7
ГОСТ тип Б
  0
LWPOLYLINE
  5
56F
330
4D8
100
AcDbEntity
 67
1
  8
Штамп
100
AcDbPolyline
 90
4
 70
1
 10
342.0
 20
178.0
 10
362.0
 20
178.0
 10
362.0
 20
172.0
 10
342.0
 20
172.0
  0
MTEXT
  5
570
330
4D8
100
AcDbEntity
 67
1
  8
Надписи
100
AcDbMText
 10
352.0
 20
175.0
 30
0.0
 40
2.5
 71
5
  1
\W0.8;Vк
  7
ГОСТ тип Б
  0
LWPOLYLINE
  5
571
330
4D8
100
AcDbEntity
 67
1
  8
Штамп
100
AcDbPolyline
 90
4
 70
1
 10
362.0
 20
178.0
 10
408.0
 20
178.0
 10
408.0
 20
172.0
 10
362.0
 20
172.0
  0
MTEXT
  5
572
330
4D8
100
AcDbEntity
 67
1
  8
Надписи
100
AcDbMText
 10
385.0
 20
175.0
 30
0.0
 40
2.5
 71
5
  1
\W0.8;3 902,37
  7
ГОСТ тип Б
  0
LWPOLYLINE
  5
573
330
4D8
100
AcDbEntity
 67
1
  8
Штамп
100
AcDbPolyline
 90
4
 70
1
 10
262.0
 20
172.0
 10
342.0
 20
172.0
 10
342.0
 20
166.0
 10
262.0
 20
166.0
  0
MTEXT
  5
574
330
4D8
100
AcDbEntity
 67
1
  8
Надписи
100
AcDbMText
 10
263.2
 20
169.0
 30
0.0
 40
2.5
 71
4
  1
\W0.8;Подсыпка (щебень)
  7
ГОСТ тип Б
  0
LWPOLYLINE
  5
575
330
4D8
100
AcDbEntity
 67
1
  8
Штамп
100
AcDbPolyline
 90
4
 70
1
 10
342.0
 20
172.0
 10
362.0
 20
172.0
 10
362.0
 20
166.0
 10
342.0
 20
166.0
  0
MTEXT
  5
576
330
4D8
100
AcDbEntity
 67
1
  8
Надписи
100
AcDbMText
 10
352.0
 20
169.0
 30
0.0
 40
2.5
 71
5
  1
\W0.8;Vподс
  7
ГОСТ тип Б
  0
LWPOLYLINE
  5
577
330
4D8
100
AcDbEntity
 67
1
  8
Штамп
100
AcDbPolyline
 90
4
 70
1
 10
362.0
 20
172.0
 10
408.0
 20
172.0
 10
408.0
 20
166.0
 10
362.0
 20
166.0
  0
MTEXT
  5
578
330
4D8
100
AcDbEntity
 67
1
  8
Надписи
100
AcDbMText
 10
385.0
 20
169.0
 30
0.0
 40
2.5
 71
5
  1
\W0.8;155,58
  7
ГОСТ тип Б
  0
LWPOLYLINE
  5
579
330
4D8
100
AcDbEntity
 67
1
  8
Штамп
100
AcDbPolyline
 90
4
 70
1
 10
262.0
 20
166.0
 10
342.0
 20
166.0
 10
342.0
 20
160.0
 10
262.0
 20
160.0
  0
MTEXT
  5
57A
330
4D8
100
AcDbEntity
 67
1
  8
Надписи
100
AcDbMText
 10
263.2
 20
163.0
 30
0.0
 40
2.5
 71
4
  1
\W0.8;Бетонная подготовка
  7
ГОСТ тип Б
  0
LWPOLYLINE
  5
57B
330
4D8
100
AcDbEntity
 67
1
  8
Штамп
100
AcDbPolyline
 90
4
 70
1
 10
342.0
 20
166.0
 10
362.0
 20
166.0
 10
362.0
 20
160.0
 10
342.0
 20
160.0
  0
MTEXT
  5
57C
330
4D8
100
AcDbEntity
 67
1
  8
Надписи
100
AcDbMText
 10
352.0
 20
163.0
 30
0.0
 40
2.5
 71
5
  1
\W0.8;Vб.п
  7
ГОСТ тип Б
  0
LWPOLYLINE
  5
57D
330
4D8
100
AcDbEntity
 67
1
  8
Штамп
100
AcDbPolyline
 90
4
 70
1
 10
362.0
 20
166.0
 10
408.0
 20
166.0
 10
408.0
 20
160.0
 10
362.0
 20
160.0
  0
MTEXT
  5
57E
330
4D8
100
AcDbEntity
 67
1
  8
Надписи
100
AcDbMText
 10
385.0
 20
163.0
 30
0.0
 40
2.5
 71
5
  1
\W0.8;219,19
  7
ГОСТ тип Б
  0
LWPOLYLINE
  5
57F
330
4D8
100
AcDbEntity
 67
1
  8
Штамп
100
AcDbPolyline
 90
4
 70
1
 10
262.0
 20
160.0
 10
342.0
 20
160.0
 10
342.0
 20
154.0
 10
262.0
 20
154.0
  0
MTEXT
  5
580
330
4D8
100
AcDbEntity
 67
1
  8
Надписи
100
AcDbMText
 10
263.2
 20
157.0
 30
0.0
 40
2.5
 71
4
  1
\W0.8;Подземная часть здания
  7
ГОСТ тип Б
  0
LWPOLYLINE
  5
581
330
4D8
100
AcDbEntity
 67
1
  8
Штамп
100
AcDbPolyline
 90
4
 70
1
 10
342.0
 20
160.0
 10
362.0
 20
160.0
 10
362.0
 20
154.0
 10
342.0
 20
154.0
  0
MTEXT
  5
582
330
4D8
100
AcDbEntity
 67
1
  8
Надписи
100
AcDbMText
 10
352.0
 20
157.0
 30
0.0
 40
2.5
 71
5
  1
\W0.8;Vп.ч
  7
ГОСТ тип Б
  0
LWPOLYLINE
  5
583
330
4D8
100
AcDbEntity
 67
1
  8
Штамп
100
AcDbPolyline
 90
4
 70
1
 10
362.0
 20
160.0
 10
408.0
 20
160.0
 10
408.0
 20
154.0
 10
362.0
 20
154.0
  0
MTEXT
  5
584
330
4D8
100
AcDbEntity
 67
1
  8
Надписи
100
AcDbMText
 10
385.0
 20
157.0
 30
0.0
 40
2.5
 71
5
  1
\W0.8;2 681,06
  7
ГОСТ тип Б
  0
LWPOLYLINE
  5
585
330
4D8
100
AcDbEntity
 67
1
  8
Штамп
100
AcDbPolyline
 90
4
 70
1
 10
262.0
 20
154.0
 10
342.0
 20
154.0
 10
342.0
 20
148.0
 10
262.0
 20
148.0
  0
MTEXT
  5
586
330
4D8
100
AcDbEntity
 67
1
  8
Надписи
100
AcDbMText
 10
263.2
 20
151.0
 30
0.0
 40
2.5
 71
4
  1
\W0.8;Обратная засыпка
  7
ГОСТ тип Б
  0
LWPOLYLINE
  5
587
330
4D8
100
AcDbEntity
 67
1
  8
Штамп
100
AcDbPolyline
 90
4
 70
1
 10
342.0
 20
154.0
 10
362.0
 20
154.0
 10
362.0
 20
148.0
 10
342.0
 20
148.0
  0
MTEXT
  5
588
330
4D8
100
AcDbEntity
 67
1
  8
Надписи
100
AcDbMText
 10
352.0
 20
151.0
 30
0.0
 40
2.5
 71
5
  1
\W0.8;Vо.з
  7
ГОСТ тип Б
  0
LWPOLYLINE
  5
589
330
4D8
100
AcDbEntity
 67
1
  8
Штамп
100
AcDbPolyline
 90
4
 70
1
 10
362.0
 20
154.0
 10
408.0
 20
154.0
 10
408.0
 20
148.0
 10
362.0
 20
148.0
  0
MTEXT
  5
58A
330
4D8
100
AcDbEntity
 67
1
  8
Надписи
100
AcDbMText
 10
385.0
 20
151.0
 30
0.0
 40
2.5
 71
5
  1
\W0.8;846,54
  7
ГОСТ тип Б
  0
MTEXT
  5
58B
330
4D8
100
AcDbEntity
 67
1
  8
Надписи
100
AcDbMText
 10
25.0
 20
56.0
 30
0.0
 40
2.5
 41
200.0
 71
1
  3
Примечания\P1. Размеры - в метрах. Грунт - супесь, откос по прил. 3 методички.\P2. Здание - вариант размещения 8: центр здания совпадает с центром квадрата 8.\P3. Котлован пересечён ЛНР; среднее рабочих отметок по углам +0,144 - котлован в зоне насып
  3
и и разрабатывается от естественной поверхности: hк = Нк - hр = 2,4 - 0,165 = 2,235 м.\P4. Низ котлована - 1,4 м от осей: 0,2 до грани стены + 0,5 вылет плиты + 0,2 выход подготовки + 0,5 рабочая зона.\P5. Пандус принят однополосный: bп = 3 м, i = 0,
  1
1.
  7
ГОСТ тип Б
  0
ENDBLK
  5
4DA
330
4D8
100
AcDbEntity
  8
0
100
AcDbBlockEnd
  0
ENDSEC
  0
SECTION
  2
ENTITIES
  0
LINE
  5
56
330
17
100
AcDbEntity
  8
Сетка
100
AcDbLine
 10
0.0
 20
0.0
 30
0.0
 11
500.0
 21
0.0
 31
0.0
  0
LINE
  5
57
330
17
100
AcDbEntity
  8
Сетка
100
AcDbLine
 10
0.0
 20
100.0
 30
0.0
 11
500.0
 21
100.0
 31
0.0
  0
LINE
  5
58
330
17
100
AcDbEntity
  8
Сетка
100
AcDbLine
 10
0.0
 20
200.0
 30
0.0
 11
500.0
 21
200.0
 31
0.0
  0
LINE
  5
59
330
17
100
AcDbEntity
  8
Сетка
100
AcDbLine
 10
0.0
 20
300.0
 30
0.0
 11
500.0
 21
300.0
 31
0.0
  0
LINE
  5
5A
330
17
100
AcDbEntity
  8
Сетка
100
AcDbLine
 10
0.0
 20
0.0
 30
0.0
 11
0.0
 21
300.0
 31
0.0
  0
LINE
  5
5B
330
17
100
AcDbEntity
  8
Сетка
100
AcDbLine
 10
100.0
 20
0.0
 30
0.0
 11
100.0
 21
300.0
 31
0.0
  0
LINE
  5
5C
330
17
100
AcDbEntity
  8
Сетка
100
AcDbLine
 10
200.0
 20
0.0
 30
0.0
 11
200.0
 21
300.0
 31
0.0
  0
LINE
  5
5D
330
17
100
AcDbEntity
  8
Сетка
100
AcDbLine
 10
300.0
 20
0.0
 30
0.0
 11
300.0
 21
300.0
 31
0.0
  0
LINE
  5
5E
330
17
100
AcDbEntity
  8
Сетка
100
AcDbLine
 10
400.0
 20
0.0
 30
0.0
 11
400.0
 21
300.0
 31
0.0
  0
LINE
  5
5F
330
17
100
AcDbEntity
  8
Сетка
100
AcDbLine
 10
500.0
 20
0.0
 30
0.0
 11
500.0
 21
300.0
 31
0.0
  0
HATCH
  5
60
330
17
100
AcDbEntity
  8
ПВ_штриховка
 62
8
100
AcDbHatch
 10
0.0
 20
0.0
 30
0.0
210
0.0
220
0.0
230
1.0
  2
ANSI31
 70
0
 71
0
 91
1
 92
3
 72
0
 73
1
 93
5
 10
62.5
 20
300.0
 10
0.0
 20
300.0
 10
0.0
 20
200.0
 10
100.0
 20
200.0
 10
100.0
 20
267.39130434782606
 97
0
 75
1
 76
1
 52
0.0
 41
2.4
 77
0
 78
1
 53
45.0
 43
0.0
 44
0.0
 45
-5.3881536727
 46
5.3881536727
 79
0
 98
0
  0
HATCH
  5
61
330
17
100
AcDbEntity
  8
ПВ_штриховка
 62
8
100
AcDbHatch
 10
0.0
 20
0.0
 30
0.0
210
0.0
220
0.0
230
1.0
  2
ANSI31
 70
0
 71
0
 91
1
 92
3
 72
0
 73
1
 93
3
 10
100.0
 20
267.39130434782606
 10
100.0
 20
200.0
 10
152.54237288135593
 20
200.0
 97
0
 75
1
 76
1
 52
0.0
 41
2.4
 77
0
 78
1
 53
45.0
 43
0.0
 44
0.0
 45
-5.3881536727
 46
5.3881536727
 79
0
 98
0
  0
HATCH
  5
62
330
17
100
AcDbEntity
  8
ПВ_штриховка
 62
8
100
AcDbHatch
 10
0.0
 20
0.0
 30
0.0
210
0.0
220
0.0
230
1.0
  2
ANSI31
 70
0
 71
0
 91
1
 92
3
 72
0
 73
1
 93
4
 10
0.0
 20
100.0
 10
100.0
 20
100.0
 10
100.0
 20
200.0
 10
0.0
 20
200.0
 97
0
 75
1
 76
1
 52
0.0
 41
2.4
 77
0
 78
1
 53
45.0
 43
0.0
 44
0.0
 45
-5.3881536727
 46
5.3881536727
 79
0
 98
0
  0
HATCH
  5
63
330
17
100
AcDbEntity
  8
ПВ_штриховка
 62
8
100
AcDbHatch
 10
0.0
 20
0.0
 30
0.0
210
0.0
220
0.0
230
1.0
  2
ANSI31
 70
0
 71
0
 91
1
 92
3
 72
0
 73
1
 93
5
 10
152.54237288135593
 20
200.0
 10
100.0
 20
200.0
 10
100.0
 20
100.0
 10
200.0
 20
100.0
 10
200.0
 20
150.0
 97
0
 75
1
 76
1
 52
0.0
 41
2.4
 77
0
 78
1
 53
45.0
 43
0.0
 44
0.0
 45
-5.3881536727
 46
5.3881536727
 79
0
 98
0
  0
HATCH
  5
64
330
17
100
AcDbEntity
  8
ПВ_штриховка
 62
8
100
AcDbHatch
 10
0.0
 20
0.0
 30
0.0
210
0.0
220
0.0
230
1.0
  2
ANSI31
 70
0
 71
0
 91
1
 92
3
 72
0
 73
1
 93
3
 10
200.0
 20
150.0
 10
200.0
 20
100.0
 10
266.6666666666667
 20
100.0
 97
0
 75
1
 76
1
 52
0.0
 41
2.4
 77
0
 78
1
 53
45.0
 43
0.0
 44
0.0
 45
-5.3881536727
 46
5.3881536727
 79
0
 98
0
  0
HATCH
  5
65
330
17
100
AcDbEntity
  8
ПВ_штриховка
 62
8
100
AcDbHatch
 10
0.0
 20
0.0
 30
0.0
210
0.0
220
0.0
230
1.0
  2
ANSI31
 70
0
 71
0
 91
1
 92
3
 72
0
 73
1
 93
4
 10
0.0
 20
0.0
 10
100.0
 20
0.0
 10
100.0
 20
100.0
 10
0.0
 20
100.0
 97
0
 75
1
 76
1
 52
0.0
 41
2.4
 77
0
 78
1
 53
45.0
 43
0.0
 44
0.0
 45
-5.3881536727
 46
5.3881536727
 79
0
 98
0
  0
HATCH
  5
66
330
17
100
AcDbEntity
  8
ПВ_штриховка
 62
8
100
AcDbHatch
 10
0.0
 20
0.0
 30
0.0
210
0.0
220
0.0
230
1.0
  2
ANSI31
 70
0
 71
0
 91
1
 92
3
 72
0
 73
1
 93
4
 10
100.0
 20
0.0
 10
200.0
 20
0.0
 10
200.0
 20
100.0
 10
100.0
 20
100.0
 97
0
 75
1
 76
1
 52
0.0
 41
2.4
 77
0
 78
1
 53
45.0
 43
0.0
 44
0.0
 45
-5.3881536727
 46
5.3881536727
 79
0
 98
0
  0
HATCH
  5
67
330
17
100
AcDbEntity
  8
ПВ_штриховка
 62
8
100
AcDbHatch
 10
0.0
 20
0.0
 30
0.0
210
0.0
220
0.0
230
1.0
  2
ANSI31
 70
0
 71
0
 91
1
 92
3
 72
0
 73
1
 93
5
 10
266.6666666666667
 20
100.0
 10
200.0
 20
100.0
 10
200.0
 20
0.0
 10
300.0
 20
0.0
 10
300.0
 20
66.66666666666667
 97
0
 75
1
 76
1
 52
0.0
 41
2.4
 77
0
 78
1
 53
45.0
 43
0.0
 44
0.0
 45
-5.3881536727
 46
5.3881536727
 79
0
 98
0
  0
HATCH
  5
68
330
17
100
AcDbEntity
  8
ПВ_штриховка
 62
8
100
AcDbHatch
 10
0.0
 20
0.0
 30
0.0
210
0.0
220
0.0
230
1.0
  2
ANSI31
 70
0
 71
0
 91
1
 92
3
 72
0
 73
1
 93
4
 10
300.0
 20
66.66666666666667
 10
300.0
 20
0.0
 10
400.0
 20
0.0
 10
400.0
 20
54.43037974683544
 97
0
 75
1
 76
1
 52
0.0
 41
2.4
 77
0
 78
1
 53
45.0
 43
0.0
 44
0.0
 45
-5.3881536727
 46
5.3881536727
 79
0
 98
0
  0
HATCH
  5
69
330
17
100
AcDbEntity
  8
ПВ_штриховка
 62
8
100
AcDbHatch
 10
0.0
 20
0.0
 30
0.0
210
0.0
220
0.0
230
1.0
  2
ANSI31
 70
0
 71
0
 91
1
 92
3
 72
0
 73
1
 93
3
 10
400.0
 20
54.43037974683544
 10
400.0
 20
0.0
 10
475.43859649122805
 20
0.0
 97
0
 75
1
 76
1
 52
0.0
 41
2.4
 77
0
 78
1
 53
45.0
 43
0.0
 44
0.0
 45
-5.3881536727
 46
5.3881536727
 79
0
 98
0
  0
LWPOLYLINE
  5
6A
330
17
100
AcDbEntity
  8
ЛНР
100
AcDbPolyline
 90
8
 70
0
 43
1.2
 10
475.43859649122805
 20
0.0
 10
400.0
 20
54.43037974683544
 10
300.0
 20
66.66666666666667
 10
266.6666666666667
 20
100.0
 10
200.0
 20
150.0
 10
152.54237288135593
 20
200.0
 10
100.0
 20
267.39130434782606
 10
62.5
 20
300.0
  0
MTEXT
  5
6B
330
17
100
AcDbEntity
  8
Отметки
100
AcDbMText
 10
2.0
 20
301.6
 30
0.0
 40
5.0
 71
7
  1
-0,25
  7
ГОСТ тип Б
 45
1.2
 90
3
 63
0
  0
CIRCLE
  5
6C
330
17
100
AcDbEntity
  8
Отметки
100
AcDbCircle
 10
0.0
 20
300.0
 30
0.0
 40
1.0
  0
MTEXT
  5
6D
330
17
100
AcDbEntity
  8
Отметки
100
AcDbMText
 10
102.0
 20
301.6
 30
0.0
 40
5.0
 71
7
  1
+0,15
  7
ГОСТ тип Б
 45
1.2
 90
3
 63
0
  0
CIRCLE
  5
6E
330
17
100
AcDbEntity
  8
Отметки
100
AcDbCircle
 10
100.0
 20
300.0
 30
0.0
 40
1.0
  0
MTEXT
  5
6F
330
17
100
AcDbEntity
  8
Отметки
100
AcDbMText
 10
202.0
 20
301.6
 30
0.0
 40
5.0
 71
7
  1
+0,34
  7
ГОСТ тип Б
 45
1.2
 90
3
 63
0
  0
CIRCLE
  5
70
330
17
100
AcDbEntity
  8
Отметки
100
AcDbCircle
 10
200.0
 20
300.0
 30
0.0
 40
1.0
  0
MTEXT
  5
71
330
17
100
AcDbEntity
  8
Отметки
100
AcDbMText
 10
302.0
 20
301.6
 30
0.0
 40
5.0
 71
7
  1
+0,47
  7
ГОСТ тип Б
 45
1.2
 90
3
 63
0
  0
CIRCLE
  5
72
330
17
100
AcDbEntity
  8
Отметки
100
AcDbCircle
 10
300.0
 20
300.0
 30
0.0
 40
1.0
  0
MTEXT
  5
73
330
17
100
AcDbEntity
  8
Отметки
100
AcDbMText
 10
402.0
 20
301.6
 30
0.0
 40
5.0
 71
7
  1
+0,66
  7
ГОСТ тип Б
 45
1.2
 90
3
 63
0
  0
CIRCLE
  5
74
330
17
100
AcDbEntity
  8
Отметки
100
AcDbCircle
 10
400.0
 20
300.0
 30
0.0
 40
1.0
  0
MTEXT
  5
75
330
17
100
AcDbEntity
  8
Отметки
100
AcDbMText
 10
502.0
 20
301.6
 30
0.0
 40
5.0
 71
7
  1
+0,85
  7
ГОСТ тип Б
 45
1.2
 90
3
 63
0
  0
CIRCLE
  5
76
330
17
100
AcDbEntity
  8
Отметки
100
AcDbCircle
 10
500.0
 20
300.0
 30
0.0
 40
1.0
  0
MTEXT
  5
77
330
17
100
AcDbEntity
  8
Отметки
100
AcDbMText
 10
2.0
 20
201.6
 30
0.0
 40
5.0
 71
7
  1
-0,49
  7
ГОСТ тип Б
 45
1.2
 90
3
 63
0
  0
CIRCLE
  5
78
330
17
100
AcDbEntity
  8
Отметки
100
AcDbCircle
 10
0.0
 20
200.0
 30
0.0
 40
1.0
  0
MTEXT
  5
79
330
17
100
AcDbEntity
  8
Отметки
100
AcDbMText
 10
102.0
 20
201.6
 30
0.0
 40
5.0
 71
7
  1
-0,31
  7
ГОСТ тип Б
 45
1.2
 90
3
 63
0
  0
CIRCLE
  5
7A
330
17
100
AcDbEntity
  8
Отметки
100
AcDbCircle
 10
100.0
 20
200.0
 30
0.0
 40
1.0
  0
MTEXT
  5
7B
330
17
100
AcDbEntity
  8
Отметки
100
AcDbMText
 10
202.0
 20
201.6
 30
0.0
 40
5.0
 71
7
  1
+0,28
  7
ГОСТ тип Б
 45
1.2
 90
3
 63
0
  0
CIRCLE
  5
7C
330
17
100
AcDbEntity
  8
Отметки
100
AcDbCircle
 10
200.0
 20
200.0
 30
0.0
 40
1.0
  0
MTEXT
  5
7D
330
17
100
AcDbEntity
  8
Отметки
100
AcDbMText
 10
302.0
 20
201.6
 30
0.0
 40
5.0
 71
7
  1
+0,52
  7
ГОСТ тип Б
 45
1.2
 90
3
 63
0
  0
CIRCLE
  5
7E
330
17
100
AcDbEntity
  8
Отметки
100
AcDbCircle
 10
300.0
 20
200.0
 30
0.0
 40
1.0
  0
MTEXT
  5
7F
330
17
100
AcDbEntity
  8
Отметки
100
AcDbMText
 10
402.0
 20
201.6
 30
0.0
 40
5.0
 71
7
  1
+0,84
  7
ГОСТ тип Б
 45
1.2
 90
3
 63
0
  0
CIRCLE
  5
80
330
17
100
AcDbEntity
  8
Отметки
100
AcDbCircle
 10
400.0
 20
200.0
 30
0.0
 40
1.0
  0
MTEXT
  5
81
330
17
100
AcDbEntity
  8
Отметки
100
AcDbMText
 10
502.0
 20
201.6
 30
0.0
 40
5.0
 71
7
  1
+0,47
  7
ГОСТ тип Б
 45
1.2
 90
3
 63
0
  0
CIRCLE
  5
82
330
17
100
AcDbEntity
  8
Отметки
100
AcDbCircle
 10
500.0
 20
200.0
 30
0.0
 40
1.0
  0
MTEXT
  5
83
330
17
100
AcDbEntity
  8
Отметки
100
AcDbMText
 10
2.0
 20
101.6
 30
0.0
 40
5.0
 71
7
  1
-0,24
  7
ГОСТ тип Б
 45
1.2
 90
3
 63
0
  0
CIRCLE
  5
84
330
17
100
AcDbEntity
  8
Отметки
100
AcDbCircle
 10
0.0
 20
100.0
 30
0.0
 40
1.0
  0
MTEXT
  5
85
330
17
100
AcDbEntity
  8
Отметки
100
AcDbMText
 10
102.0
 20
101.6
 30
0.0
 40
5.0
 71
7
  1
-0,43
  7
ГОСТ тип Б
 45
1.2
 90
3
 63
0
  0
CIRCLE
  5
86
330
17
100
AcDbEntity
  8
Отметки
100
AcDbCircle
 10
100.0
 20
100.0
 30
0.0
 40
1.0
  0
MTEXT
  5
87
330
17
100
AcDbEntity
  8
Отметки
100
AcDbMText
 10
202.0
 20
101.6
 30
0.0
 40
5.0
 71
7
  1
-0,28
  7
ГОСТ тип Б
 45
1.2
 90
3
 63
0
  0
CIRCLE
  5
88
330
17
100
AcDbEntity
  8
Отметки
100
AcDbCircle
 10
200.0
 20
100.0
 30
0.0
 40
1.0
  0
MTEXT
  5
89
330
17
100
AcDbEntity
  8
Отметки
100
AcDbMText
 10
302.0
 20
101.6
 30
0.0
 40
5.0
 71
7
  1
+0,14
  7
ГОСТ тип Б
 45
1.2
 90
3
 63
0
  0
CIRCLE
  5
8A
330
17
100
AcDbEntity
  8
Отметки
100
AcDbCircle
 10
300.0
 20
100.0
 30
0.0
 40
1.0
  0
MTEXT
  5
8B
330
17
100
AcDbEntity
  8
Отметки
100
AcDbMText
 10
402.0
 20
101.6
 30
0.0
 40
5.0
 71
7
  1
+0,36
  7
ГОСТ тип Б
 45
1.2
 90
3
 63
0
  0
CIRCLE
  5
8C
330
17
100
AcDbEntity
  8
Отметки
100
AcDbCircle
 10
400.0
 20
100.0
 30
0.0
 40
1.0
  0
MTEXT
  5
8D
330
17
100
AcDbEntity
  8
Отметки
100
AcDbMText
 10
502.0
 20
101.6
 30
0.0
 40
5.0
 71
7
  1
+0,76
  7
ГОСТ тип Б
 45
1.2
 90
3
 63
0
  0
CIRCLE
  5
8E
330
17
100
AcDbEntity
  8
Отметки
100
AcDbCircle
 10
500.0
 20
100.0
 30
0.0
 40
1.0
  0
MTEXT
  5
8F
330
17
100
AcDbEntity
  8
Отметки
100
AcDbMText
 10
2.0
 20
1.6
 30
0.0
 40
5.0
 71
7
  1
-0,40
  7
ГОСТ тип Б
 45
1.2
 90
3
 63
0
  0
CIRCLE
  5
90
330
17
100
AcDbEntity
  8
Отметки
100
AcDbCircle
 10
0.0
 20
0.0
 30
0.0
 40
1.0
  0
MTEXT
  5
91
330
17
100
AcDbEntity
  8
Отметки
100
AcDbMText
 10
102.0
 20
1.6
 30
0.0
 40
5.0
 71
7
  1
-0,65
  7
ГОСТ тип Б
 45
1.2
 90
3
 63
0
  0
CIRCLE
  5
92
330
17
100
AcDbEntity
  8
Отметки
100
AcDbCircle
 10
100.0
 20
0.0
 30
0.0
 40
1.0
  0
MTEXT
  5
93
330
17
100
AcDbEntity
  8
Отметки
100
AcDbMText
 10
202.0
 20
1.6
 30
0.0
 40
5.0
 71
7
  1
-0,52
  7
ГОСТ тип Б
 45
1.2
 90
3
 63
0
  0
CIRCLE
  5
94
330
17
100
AcDbEntity
  8
Отметки
100
AcDbCircle
 10
200.0
 20
0.0
 30
0.0
 40
1.0
  0
MTEXT
  5
95
330
17
100
AcDbEntity
  8
Отметки
100
AcDbMText
 10
302.0
 20
1.6
 30
0.0
 40
5.0
 71
7
  1
-0,28
  7
ГОСТ тип Б
 45
1.2
 90
3
 63
0
  0
CIRCLE
  5
96
330
17
100
AcDbEntity
  8
Отметки
100
AcDbCircle
 10
300.0
 20
0.0
 30
0.0
 40
1.0
  0
MTEXT
  5
97
330
17
100
AcDbEntity
  8
Отметки
100
AcDbMText
 10
402.0
 20
1.6
 30
0.0
 40
5.0
 71
7
  1
-0,43
  7
ГОСТ тип Б
 45
1.2
 90
3
 63
0
  0
CIRCLE
  5
98
330
17
100
AcDbEntity
  8
Отметки
100
AcDbCircle
 10
400.0
 20
0.0
 30
0.0
 40
1.0
  0
MTEXT
  5
99
330
17
100
AcDbEntity
  8
Отметки
100
AcDbMText
 10
502.0
 20
1.6
 30
0.0
 40
5.0
 71
7
  1
+0,14
  7
ГОСТ тип Б
 45
1.2
 90
3
 63
0
  0
CIRCLE
  5
9A
330
17
100
AcDbEntity
  8
Отметки
100
AcDbCircle
 10
500.0
 20
0.0
 30
0.0
 40
1.0
  0
MTEXT
  5
9B
330
17
100
AcDbEntity
  8
Номера_фигур
100
AcDbMText
 10
87.5
 20
289.1304347826087
 30
0.0
 40
5.0
 71
5
  1
1'
  7
ГОСТ тип Б
 45
1.2
 90
3
 63
0
  0
MTEXT
  5
9C
330
17
100
AcDbEntity
  8
Номера_фигур
100
AcDbMText
 10
47.55788712011577
 20
247.45170829925124
 30
0.0
 40
7.0
 71
5
  1
1
  7
ГОСТ тип Б
 45
1.2
 90
3
 63
0
  0
MTEXT
  5
9D
330
17
100
AcDbEntity
  8
Номера_фигур
100
AcDbMText
 10
156.9887903634816
 20
255.9239576540362
 30
0.0
 40
7.0
 71
5
  1
2'
  7
ГОСТ тип Б
 45
1.2
 90
3
 63
0
  0
MTEXT
  5
9E
330
17
100
AcDbEntity
  8
Номера_фигур
100
AcDbMText
 10
117.51412429378531
 20
222.46376811594203
 30
0.0
 40
5.0
 71
5
  1
2
  7
ГОСТ тип Б
 45
1.2
 90
3
 63
0
  0
MTEXT
  5
9F
330
17
100
AcDbEntity
  8
Номера_фигур
100
AcDbMText
 10
250.0
 20
250.0
 30
0.0
 40
7.0
 71
5
  1
3
  7
ГОСТ тип Б
 45
1.2
 90
3
 63
0
  0
MTEXT
  5
A0
330
17
100
AcDbEntity
  8
Номера_фигур
100
AcDbMText
 10
350.0
 20
250.0
 30
0.0
 40
7.0
 71
5
  1
4
  7
ГОСТ тип Б
 45
1.2
 90
3
 63
0
  0
MTEXT
  5
A1
330
17
100
AcDbEntity
  8
Номера_фигур
100
AcDbMText
 10
450.0
 20
250.0
 30
0.0
 40
7.0
 71
5
  1
5
  7
ГОСТ тип Б
 45
1.2
 90
3
 63
0
  0
MTEXT
  5
A2
330
17
100
AcDbEntity
  8
Номера_фигур
100
AcDbMText
 10
50.0
 20
150.0
 30
0.0
 40
7.0
 71
5
  1
6
  7
ГОСТ тип Б
 45
1.2
 90
3
 63
0
  0
MTEXT
  5
A3
330
17
100
AcDbEntity
  8
Номера_фигур
100
AcDbMText
 10
184.180790960452
 20
183.33333333333334
 30
0.0
 40
5.0
 71
5
  1
7'
  7
ГОСТ тип Б
 45
1.2
 90
3
 63
0
  0
MTEXT
  5
A4
330
17
100
AcDbEntity
  8
Номера_фигур
100
AcDbMText
 10
145.3987396784007
 20
145.51282051282053
 30
0.0
 40
7.0
 71
5
  1
7
  7
ГОСТ тип Б
 45
1.2
 90
3
 63
0
  0
MTEXT
  5
A5
330
17
100
AcDbEntity
  8
Номера_фигур
100
AcDbMText
 10
289.55555555555554
 20
184.66666666666666
 30
0.0
 40
7.0
 71
5
  1
8'
  7
ГОСТ тип Б
 45
1.2
 90
3
 63
0
  0
MTEXT
  5
A6
330
17
100
AcDbEntity
  8
Номера_фигур
100
AcDbMText
 10
222.22222222222223
 20
116.66666666666667
 30
0.0
 40
5.0
 71
5
  1
8
  7
ГОСТ тип Б
 45
1.2
 90
3
 63
0
  0
MTEXT
  5
A7
330
17
100
AcDbEntity
  8
Номера_фигур
100
AcDbMText
 10
350.0
 20
150.0
 30
0.0
 40
7.0
 71
5
  1
9
  7
ГОСТ тип Б
 45
1.2
 90
3
 63
0
  0
MTEXT
  5
A8
330
17
100
AcDbEntity
  8
Номера_фигур
100
AcDbMText
 10
450.0
 20
150.0
 30
0.0
 40
7.0
 71
5
  1
10
  7
ГОСТ тип Б
 45
1.2
 90
3
 63
0
  0
MTEXT
  5
A9
330
17
100
AcDbEntity
  8
Номера_фигур
100
AcDbMText
 10
50.0
 20
50.0
 30
0.0
 40
7.0
 71
5
  1
11
  7
ГОСТ тип Б
 45
1.2
 90
3
 63
0
  0
MTEXT
  5
AA
330
17
100
AcDbEntity
  8
Номера_фигур
100
AcDbMText
 10
150.0
 20
50.0
 30
0.0
 40
7.0
 71
5
  1
12
  7
ГОСТ тип Б
 45
1.2
 90
3
 63
0
  0
MTEXT
  5
AB
330
17
100
AcDbEntity
  8
Номера_фигур
100
AcDbMText
 10
288.8888888888889
 20
88.88888888888889
 30
0.0
 40
5.0
 71
5
  1
13'
  7
ГОСТ тип Б
 45
1.2
 90
3
 63
0
  0
MTEXT
  5
AC
330
17
100
AcDbEntity
  8
Номера_фигур
100
AcDbMText
 10
247.71241830065358
 20
47.712418300653596
 30
0.0
 40
7.0
 71
5
  1
13
  7
ГОСТ тип Б
 45
1.2
 90
3
 63
0
  0
MTEXT
  5
AD
330
17
100
AcDbEntity
  8
Номера_фигур
100
AcDbMText
 10
352.58467023172904
 20
80.11612777063262
 30
0.0
 40
7.0
 71
5
  1
14'
  7
ГОСТ тип Б
 45
1.2
 90
3
 63
0
  0
MTEXT
  5
AE
330
17
100
AcDbEntity
  8
Номера_фигур
100
AcDbMText
 10
348.31591173054585
 20
30.377296539692342
 30
0.0
 40
7.0
 71
5
  1
14
  7
ГОСТ тип Б
 45
1.2
 90
3
 63
0
  0
MTEXT
  5
AF
330
17
100
AcDbEntity
  8
Номера_фигур
100
AcDbMText
 10
456.4209415065772
 20
58.23008839123009
 30
0.0
 40
7.0
 71
5
  1
15'
  7
ГОСТ тип Б
 45
1.2
 90
3
 63
0
  0
MTEXT
  5
B0
330
17
100
AcDbEntity
  8
Номера_фигур
100
AcDbMText
 10
425.14619883040933
 20
18.143459915611814
 30
0.0
 40
5.0
 71
5
  1
15
  7
ГОСТ тип Б
 45
1.2
 90
3
 63
0
  0
MTEXT
  5
B1
330
17
100
AcDbEntity
  8
ПВ_ПН
100
AcDbMText
 10
50.0
 20
28.0
 30
0.0
 40
10.0
 71
5
  1
ПВ
  7
ГОСТ тип Б
 45
1.2
 90
3
 63
0
  0
MTEXT
  5
B2
330
17
100
AcDbEntity
  8
ПВ_ПН
100
AcDbMText
 10
450.0
 20
228.0
 30
0.0
 40
10.0
 71
5
  1
ПН
  7
ГОСТ тип Б
 45
1.2
 90
3
 63
0
  0
DIMENSION
  5
B3
330
17
100
AcDbEntity
  8
Размеры
100
AcDbDimension
280
0
  2
*D1
  3
М1-2000
 10
0.0
 20
314.0
 30
0.0
 11
31.25
 21
318.1
 31
0.0
 70
32
 71
5
  1
<>
100
AcDbAlignedDimension
 13
0.0
 23
300.0
 33
0.0
 14
62.5
 24
300.0
 34
0.0
 50
0.0
100
AcDbRotatedDimension
1001
ACAD
1000
DSTYLE
1002
{
1070
77
1070
1
1002
}
  0
DIMENSION
  5
C6
330
17
100
AcDbEntity
  8
Размеры
100
AcDbDimension
280
0
  2
*D2
  3
М1-2000
 10
62.5
 20
314.0
 30
0.0
 11
81.25
 21
318.1
 31
0.0
 70
32
 71
5
  1
<>
100
AcDbAlignedDimension
 13
62.5
 23
300.0
 33
0.0
 14
100.0
 24
300.0
 34
0.0
 50
0.0
100
AcDbRotatedDimension
1001
ACAD
1000
DSTYLE
1002
{
1070
77
1070
1
1002
}
  0
DIMENSION
  5
D5
330
17
100
AcDbEntity
  8
Размеры
100
AcDbDimension
280
0
  2
*D3
  3
М1-2000
 10
100.0
 20
196.0
 30
0.0
 11
126.27118644067797
 21
191.9
 31
0.0
 70
32
 71
5
  1
<>
100
AcDbAlignedDimension
 13
100.0
 23
200.0
 33
0.0
 14
152.54237288135593
 24
200.0
 34
0.0
 50
0.0
100
AcDbRotatedDimension
1001
ACAD
1000
DSTYLE
1002
{
1070
77
1070
4
1002
}
  0
DIMENSION
  5
E4
330
17
100
AcDbEntity
  8
Размеры
100
AcDbDimension
280
0
  2
*D4
  3
М1-2000
 10
152.54237288135593
 20
204.0
 30
0.0
 11
176.27118644067798
 21
208.1
 31
0.0
 70
32
 71
5
  1
<>
100
AcDbAlignedDimension
 13
152.54237288135593
 23
200.0
 33
0.0
 14
200.0
 24
200.0
 34
0.0
 50
0.0
100
AcDbRotatedDimension
1001
ACAD
1000
DSTYLE
1002
{
1070
77
1070
1
1002
}
  0
DIMENSION
  5
F3
330
17
100
AcDbEntity
  8
Размеры
100
AcDbDimension
280
0
  2
*D5
  3
М1-2000
 10
200.0
 20
96.0
 30
0.0
 11
233.33333333333334
 21
91.9
 31
0.0
 70
32
 71
5
  1
<>
100
AcDbAlignedDimension
 13
200.0
 23
100.0
 33
0.0
 14
266.6666666666667
 24
100.0
 34
0.0
 50
0.0
100
AcDbRotatedDimension
1001
ACAD
1000
DSTYLE
1002
{
1070
77
1070
4
1002
}
  0
DIMENSION
  5
102
330
17
100
AcDbEntity
  8
Размеры
100
AcDbDimension
280
0
  2
*D6
  3
М1-2000
 10
266.6666666666667
 20
104.0
 30
0.0
 11
283.33333333333337
 21
108.1
 31
0.0
 70
32
 71
5
  1
<>
100
AcDbAlignedDimension
 13
266.6666666666667
 23
100.0
 33
0.0
 14
300.0
 24
100.0
 34
0.0
 50
0.0
100
AcDbRotatedDimension
1001
ACAD
1000
DSTYLE
1002
{
1070
77
1070
1
1002
}
  0
DIMENSION
  5
111
330
17
100
AcDbEntity
  8
Размеры
100
AcDbDimension
280
0
  2
*D7
  3
М1-2000
 10
400.0
 20
-4.0
 30
0.0
 11
437.719298245614
 21
-8.1
 31
0.0
 70
32
 71
5
  1
<>
100
AcDbAlignedDimension
 13
400.0
 23
0.0
 33
0.0
 14
475.43859649122805
 24
0.0
 34
0.0
 50
0.0
100
AcDbRotatedDimension
1001
ACAD
1000
DSTYLE
1002
{
1070
77
1070
4
1002
}
  0
DIMENSION
  5
120
330
17
100
AcDbEntity
  8
Размеры
100
AcDbDimension
280
0
  2
*D8
  3
М1-2000
 10
475.43859649122805
 20
-4.0
 30
0.0
 11
487.719298245614
 21
-8.1
 31
0.0
 70
32
 71
5
  1
<>
100
AcDbAlignedDimension
 13
475.43859649122805
 23
0.0
 33
0.0
 14
500.0
 24
0.0
 34
0.0
 50
0.0
100
AcDbRotatedDimension
1001
ACAD
1000
DSTYLE
1002
{
1070
77
1070
4
1002
}
  0
DIMENSION
  5
12F
330
17
100
AcDbEntity
  8
Размеры
100
AcDbDimension
280
0
  2
*D9
  3
М1-2000
 10
104.0
 20
267.39130434782606
 30
0.0
 11
108.1
 21
283.695652173913
 31
0.0
 70
32
 71
5
  1
<>
100
AcDbAlignedDimension
 13
100.0
 23
267.39130434782606
 33
0.0
 14
100.0
 24
300.0
 34
0.0
 50
90.0
100
AcDbRotatedDimension
1001
ACAD
1000
DSTYLE
1002
{
1070
77
1070
4
1002
}
  0
DIMENSION
  5
13E
330
17
100
AcDbEntity
  8
Размеры
100
AcDbDimension
280
0
  2
*D10
  3
М1-2000
 10
96.0
 20
200.0
 30
0.0
 11
91.9
 21
233.69565217391303
 31
0.0
 70
32
 71
5
  1
<>
100
AcDbAlignedDimension
 13
100.0
 23
200.0
 33
0.0
 14
100.0
 24
267.39130434782606
 34
0.0
 50
90.0
100
AcDbRotatedDimension
1001
ACAD
1000
DSTYLE
1002
{
1070
77
1070
1
1002
}
  0
DIMENSION
  5
14D
330
17
100
AcDbEntity
  8
Размеры
100
AcDbDimension
280
0
  2
*D11
  3
М1-2000
 10
204.0
 20
150.0
 30
0.0
 11
208.1
 21
175.0
 31
0.0
 70
32
 71
5
  1
<>
100
AcDbAlignedDimension
 13
200.0
 23
150.0
 33
0.0
 14
200.0
 24
200.0
 34
0.0
 50
90.0
100
AcDbRotatedDimension
1001
ACAD
1000
DSTYLE
1002
{
1070
77
1070
4
1002
}
  0
DIMENSION
  5
15C
330
17
100
AcDbEntity
  8
Размеры
100
AcDbDimension
280
0
  2
*D12
  3
М1-2000
 10
196.0
 20
100.0
 30
0.0
 11
191.9
 21
125.0
 31
0.0
 70
32
 71
5
  1
<>
100
AcDbAlignedDimension
 13
200.0
 23
100.0
 33
0.0
 14
200.0
 24
150.0
 34
0.0
 50
90.0
100
AcDbRotatedDimension
1001
ACAD
1000
DSTYLE
1002
{
1070
77
1070
1
1002
}
  0
DIMENSION
  5
16B
330
17
100
AcDbEntity
  8
Размеры
100
AcDbDimension
280
0
  2
*D13
  3
М1-2000
 10
304.0
 20
66.66666666666667
 30
0.0
 11
308.1
 21
83.33333333333334
 31
0.0
 70
32
 71
5
  1
<>
100
AcDbAlignedDimension
 13
300.0
 23
66.66666666666667
 33
0.0
 14
300.0
 24
100.0
 34
0.0
 50
90.0
100
AcDbRotatedDimension
1001
ACAD
1000
DSTYLE
1002
{
1070
77
1070
4
1002
}
  0
DIMENSION
  5
17A
330
17
100
AcDbEntity
  8
Размеры
100
AcDbDimension
280
0
  2
*D14
  3
М1-2000
 10
296.0
 20
0.0
 30
0.0
 11
291.9
 21
33.333333333333336
 31
0.0
 70
32
 71
5
  1
<>
100
AcDbAlignedDimension
 13
300.0
 23
0.0
 33
0.0
 14
300.0
 24
66.66666666666667
 34
0.0
 50
90.0
100
AcDbRotatedDimension
1001
ACAD
1000
DSTYLE
1002
{
1070
77
1070
1
1002
}
  0
DIMENSION
  5
189
330
17
100
AcDbEntity
  8
Размеры
100
AcDbDimension
280
0
  2
*D15
  3
М1-2000
 10
404.0
 20
54.43037974683544
 30
0.0
 11
408.1
 21
77.21518987341773
 31
0.0
 70
32
 71
5
  1
<>
100
AcDbAlignedDimension
 13
400.0
 23
54.43037974683544
 33
0.0
 14
400.0
 24
100.0
 34
0.0
 50
90.0
100
AcDbRotatedDimension
1001
ACAD
1000
DSTYLE
1002
{
1070
77
1070
4
1002
}
  0
DIMENSION
  5
198
330
17
100
AcDbEntity
  8
Размеры
100
AcDbDimension
280
0
  2
*D16
  3
М1-2000
 10
396.0
 20
0.0
 30
0.0
 11
391.9
 21
27.21518987341772
 31
0.0
 70
32
 71
5
  1
<>
100
AcDbAlignedDimension
 13
400.0
 23
0.0
 33
0.0
 14
400.0
 24
54.43037974683544
 34
0.0
 50
90.0
100
AcDbRotatedDimension
1001
ACAD
1000
DSTYLE
1002
{
1070
77
1070
1
1002
}
  0
DIMENSION
  5
1A7
330
17
100
AcDbEntity
  8
Размеры
100
AcDbDimension
280
0
  2
*D17
  3
М1-2000
 10
0.0
 20
-22.0
 30
0.0
 11
50.0
 21
-17.9
 31
0.0
 70
32
 71
5
  1
<>
100
AcDbAlignedDimension
 13
0.0
 23
0.0
 33
0.0
 14
100.0
 24
0.0
 34
0.0
 50
0.0
100
AcDbRotatedDimension
  0
DIMENSION
  5
1B6
330
17
100
AcDbEntity
  8
Размеры
100
AcDbDimension
280
0
  2
*D18
  3
М1-2000
 10
100.0
 20
-22.0
 30
0.0
 11
150.0
 21
-17.9
 31
0.0
 70
32
 71
5
  1
<>
100
AcDbAlignedDimension
 13
100.0
 23
0.0
 33
0.0
 14
200.0
 24
0.0
 34
0.0
 50
0.0
100
AcDbRotatedDimension
  0
DIMENSION
  5
1C5
330
17
100
AcDbEntity
  8
Размеры
100
AcDbDimension
280
0
  2
*D19
  3
М1-2000
 10
200.0
 20
-22.0
 30
0.0
 11
250.0
 21
-17.9
 31
0.0
 70
32
 71
5
  1
<>
100
AcDbAlignedDimension
 13
200.0
 23
0.0
 33
0.0
 14
300.0
 24
0.0
 34
0.0
 50
0.0
100
AcDbRotatedDimension
  0
DIMENSION
  5
1D4
330
17
100
AcDbEntity
  8
Размеры
100
AcDbDimension
280
0
  2
*D20
  3
М1-2000
 10
300.0
 20
-22.0
 30
0.0
 11
350.0
 21
-17.9
 31
0.0
 70
32
 71
5
  1
<>
100
AcDbAlignedDimension
 13
300.0
 23
0.0
 33
0.0
 14
400.0
 24
0.0
 34
0.0
 50
0.0
100
AcDbRotatedDimension
  0
DIMENSION
  5
1E3
330
17
100
AcDbEntity
  8
Размеры
100
AcDbDimension
280
0
  2
*D21
  3
М1-2000
 10
400.0
 20
-22.0
 30
0.0
 11
450.0
 21
-17.9
 31
0.0
 70
32
 71
5
  1
<>
100
AcDbAlignedDimension
 13
400.0
 23
0.0
 33
0.0
 14
500.0
 24
0.0
 34
0.0
 50
0.0
100
AcDbRotatedDimension
  0
DIMENSION
  5
1F2
330
17
100
AcDbEntity
  8
Размеры
100
AcDbDimension
280
0
  2
*D22
  3
М1-2000
 10
0.0
 20
-36.0
 30
0.0
 11
250.0
 21
-31.9
 31
0.0
 70
32
 71
5
  1
<>
100
AcDbAlignedDimension
 13
0.0
 23
0.0
 33
0.0
 14
500.0
 24
0.0
 34
0.0
 50
0.0
100
AcDbRotatedDimension
  0
DIMENSION
  5
201
330
17
100
AcDbEntity
  8
Размеры
100
AcDbDimension
280
0
  2
*D23
  3
М1-2000
 10
-12.0
 20
0.0
 30
0.0
 11
-16.1
 21
50.0
 31
0.0
 70
32
 71
5
  1
<>
100
AcDbAlignedDimension
 13
0.0
 23
0.0
 33
0.0
 14
0.0
 24
100.0
 34
0.0
 50
90.0
100
AcDbRotatedDimension
  0
DIMENSION
  5
210
330
17
100
AcDbEntity
  8
Размеры
100
AcDbDimension
280
0
  2
*D24
  3
М1-2000
 10
-12.0
 20
100.0
 30
0.0
 11
-16.1
 21
150.0
 31
0.0
 70
32
 71
5
  1
<>
100
AcDbAlignedDimension
 13
0.0
 23
100.0
 33
0.0
 14
0.0
 24
200.0
 34
0.0
 50
90.0
100
AcDbRotatedDimension
  0
DIMENSION
  5
21F
330
17
100
AcDbEntity
  8
Размеры
100
AcDbDimension
280
0
  2
*D25
  3
М1-2000
 10
-12.0
 20
200.0
 30
0.0
 11
-16.1
 21
250.0
 31
0.0
 70
32
 71
5
  1
<>
100
AcDbAlignedDimension
 13
0.0
 23
200.0
 33
0.0
 14
0.0
 24
300.0
 34
0.0
 50
90.0
100
AcDbRotatedDimension
  0
DIMENSION
  5
22E
330
17
100
AcDbEntity
  8
Размеры
100
AcDbDimension
280
0
  2
*D26
  3
М1-2000
 10
-26.0
 20
0.0
 30
0.0
 11
-30.1
 21
150.0
 31
0.0
 70
32
 71
5
  1
<>
100
AcDbAlignedDimension
 13
0.0
 23
0.0
 33
0.0
 14
0.0
 24
300.0
 34
0.0
 50
90.0
100
AcDbRotatedDimension
  0
LWPOLYLINE
  5
23D
330
17
100
AcDbEntity
  8
Котлован
100
AcDbPolyline
 90
10
 70
1
 10
282.89745
 20
158.89712085
 10
282.89745
 20
167.89745
 10
217.10255
 20
167.89745
 10
217.10255
 20
132.10255
 10
240.89745
 20
132.10255
 10
240.89745
 20
144.10255
 10
282.89745
 20
144.10255
 10
282.89745
 20
153.10287915
 10
303.75
 20
154.5
 10
303.75
 20
157.5
  0
LWPOLYLINE
  5
23E
330
17
100
AcDbEntity
  8
Котлован_низ
100
AcDbPolyline
 90
6
 70
1
 10
218.6
 20
133.6
 10
239.4
 20
133.6
 10
239.4
 20
145.6
 10
281.4
 20
145.6
 10
281.4
 20
166.4
 10
218.6
 20
166.4
  0
LINE
  5
23F
330
17
100
AcDbEntity
  8
Котлован_низ
100
AcDbLine
 10
281.4
 20
154.5
 30
0.0
 11
303.75
 21
154.5
 31
0.0
  0
LINE
  5
240
330
17
100
AcDbEntity
  8
Котлован_низ
100
AcDbLine
 10
281.4
 20
157.5
 30
0.0
 11
303.75
 21
157.5
 31
0.0
  0
LINE
  5
241
330
17
100
AcDbEntity
  8
Котлован_низ
100
AcDbLine
 10
281.4
 20
154.5
 30
0.0
 11
282.89745
 21
153.10287915
 31
0.0
  0
LINE
  5
242
330
17
100
AcDbEntity
  8
Котлован_низ
100
AcDbLine
 10
281.4
 20
157.5
 30
0.0
 11
282.89745
 21
158.89712085
 31
0.0
  0
MTEXT
  5
243
330
17
100
AcDbEntity
  8
Котлован
100
AcDbMText
 10
250.0
 20
150.0
 30
0.0
 40
5.0
 71
5
  1
Котлован
  7
ГОСТ тип Б
 45
1.2
 90
3
 63
0
  0
LWPOLYLINE
  5
2AC
330
17
100
AcDbEntity
  8
Котлован
100
AcDbPolyline
 90
10
 70
1
 10
1082.89745
 20
158.89712085
 10
1082.89745
 20
167.89745
 10
1017.1025500000001
 20
167.89745
 10
1017.1025500000001
 20
132.10255
 10
1040.89745
 20
132.10255
 10
1040.89745
 20
144.10255
 10
1082.89745
 20
144.10255
 10
1082.89745
 20
153.10287915
 10
1103.75
 20
154.5
 10
1103.75
 20
157.5
  0
LWPOLYLINE
  5
2AD
330
17
100
AcDbEntity
  8
Котлован_низ
100
AcDbPolyline
 90
6
 70
1
 10
1018.6
 20
133.6
 10
1039.4
 20
133.6
 10
1039.4
 20
145.6
 10
1081.4
 20
145.6
 10
1081.4
 20
166.4
 10
1018.6
 20
166.4
  0
LINE
  5
2AE
330
17
100
AcDbEntity
  8
Котлован_низ
100
AcDbLine
 10
1081.4
 20
154.5
 30
0.0
 11
1103.75
 21
154.5
 31
0.0
  0
LINE
  5
2AF
330
17
100
AcDbEntity
  8
Котлован_низ
100
AcDbLine
 10
1081.4
 20
157.5
 30
0.0
 11
1103.75
 21
157.5
 31
0.0
  0
LINE
  5
2B0
330
17
100
AcDbEntity
  8
Котлован_низ
100
AcDbLine
 10
1081.4
 20
154.5
 30
0.0
 11
1082.89745
 21
153.10287915
 31
0.0
  0
LINE
  5
2B1
330
17
100
AcDbEntity
  8
Котлован_низ
100
AcDbLine
 10
1081.4
 20
157.5
 30
0.0
 11
1082.89745
 21
158.89712085
 31
0.0
  0
LINE
  5
2B2
330
17
100
AcDbEntity
  8
Бергштрихи
100
AcDbLine
 10
1018.6
 20
132.10255
 30
0.0
 11
1018.6
 21
133.6
 31
0.0
  0
LINE
  5
2B3
330
17
100
AcDbEntity
  8
Бергштрихи
100
AcDbLine
 10
1019.6
 20
132.10255
 30
0.0
 11
1019.6
 21
132.85127500000002
 31
0.0
  0
LINE
  5
2B4
330
17
100
AcDbEntity
  8
Бергштрихи
100
AcDbLine
 10
1020.6
 20
132.10255
 30
0.0
 11
1020.6
 21
133.6
 31
0.0
  0
LINE
  5
2B5
330
17
100
AcDbEntity
  8
Бергштрихи
100
AcDbLine
 10
1021.6
 20
132.10255
 30
0.0
 11
1021.6
 21
132.85127500000002
 31
0.0
  0
LINE
  5
2B6
330
17
100
AcDbEntity
  8
Бергштрихи
100
AcDbLine
 10
1022.6
 20
132.10255
 30
0.0
 11
1022.6
 21
133.6
 31
0.0
  0
LINE
  5
2B7
330
17
100
AcDbEntity
  8
Бергштрихи
100
AcDbLine
 10
1023.6
 20
132.10255
 30
0.0
 11
1023.6
 21
132.85127500000002
 31
0.0
  0
LINE
  5
2B8
330
17
100
AcDbEntity
  8
Бергштрихи
100
AcDbLine
 10
1024.6000000000001
 20
132.10255
 30
0.0
 11
1024.6000000000001
 21
133.6
 31
0.0
  0
LINE
  5
2B9
330
17
100
AcDbEntity
  8
Бергштрихи
100
AcDbLine
 10
1025.6000000000001
 20
132.10255
 30
0.0
 11
1025.6000000000001
 21
132.85127500000002
 31
0.0
  0
LINE
  5
2BA
330
17
100
AcDbEntity
  8
Бергштрихи
100
AcDbLine
 10
1026.6000000000001
 20
132.10255
 30
0.0
 11
1026.6000000000001
 21
133.6
 31
0.0
  0
LINE
  5
2BB
330
17
100
AcDbEntity
  8
Бергштрихи
100
AcDbLine
 10
1027.6000000000001
 20
132.10255
 30
0.0
 11
1027.6000000000001
 21
132.85127500000002
 31
0.0
  0
LINE
  5
2BC
330
17
100
AcDbEntity
  8
Бергштрихи
100
AcDbLine
 10
1028.6000000000001
 20
132.10255
 30
0.0
 11
1028.6000000000001
 21
133.6
 31
0.0
  0
LINE
  5
2BD
330
17
100
AcDbEntity
  8
Бергштрихи
100
AcDbLine
 10
1029.6000000000001
 20
132.10255
 30
0.0
 11
1029.6000000000001
 21
132.85127500000002
 31
0.0
  0
LINE
  5
2BE
330
17
100
AcDbEntity
  8
Бергштрихи
100
AcDbLine
 10
1030.6000000000001
 20
132.10255
 30
0.0
 11
1030.6000000000001
 21
133.6
 31
0.0
  0
LINE
  5
2BF
330
17
100
AcDbEntity
  8
Бергштрихи
100
AcDbLine
 10
1031.6000000000001
 20
132.10255
 30
0.0
 11
1031.6000000000001
 21
132.85127500000002
 31
0.0
  0
LINE
  5
2C0
330
17
100
AcDbEntity
  8
Бергштрихи
100
AcDbLine
 10
1032.6000000000001
 20
132.10255
 30
0.0
 11
1032.6000000000001
 21
133.6
 31
0.0
  0
LINE
  5
2C1
330
17
100
AcDbEntity
  8
Бергштрихи
100
AcDbLine
 10
1033.6000000000001
 20
132.10255
 30
0.0
 11
1033.6000000000001
 21
132.85127500000002
 31
0.0
  0
LINE
  5
2C2
330
17
100
AcDbEntity
  8
Бергштрихи
100
AcDbLine
 10
1034.6000000000001
 20
132.10255
 30
0.0
 11
1034.6000000000001
 21
133.6
 31
0.0
  0
LINE
  5
2C3
330
17
100
AcDbEntity
  8
Бергштрихи
100
AcDbLine
 10
1035.6000000000001
 20
132.10255
 30
0.0
 11
1035.6000000000001
 21
132.85127500000002
 31
0.0
  0
LINE
  5
2C4
330
17
100
AcDbEntity
  8
Бергштрихи
100
AcDbLine
 10
1036.6000000000001
 20
132.10255
 30
0.0
 11
1036.6000000000001
 21
133.6
 31
0.0
  0
LINE
  5
2C5
330
17
100
AcDbEntity
  8
Бергштрихи
100
AcDbLine
 10
1037.6000000000001
 20
132.10255
 30
0.0
 11
1037.6000000000001
 21
132.85127500000002
 31
0.0
  0
LINE
  5
2C6
330
17
100
AcDbEntity
  8
Бергштрихи
100
AcDbLine
 10
1038.6000000000001
 20
132.10255
 30
0.0
 11
1038.6000000000001
 21
133.6
 31
0.0
  0
LINE
  5
2C7
330
17
100
AcDbEntity
  8
Бергштрихи
100
AcDbLine
 10
1040.89745
 20
133.6
 30
0.0
 11
1039.3999999999999
 21
133.6
 31
0.0
  0
LINE
  5
2C8
330
17
100
AcDbEntity
  8
Бергштрихи
100
AcDbLine
 10
1040.89745
 20
134.6
 30
0.0
 11
1040.148725
 21
134.6
 31
0.0
  0
LINE
  5
2C9
330
17
100
AcDbEntity
  8
Бергштрихи
100
AcDbLine
 10
1040.89745
 20
135.6
 30
0.0
 11
1039.3999999999999
 21
135.6
 31
0.0
  0
LINE
  5
2CA
330
17
100
AcDbEntity
  8
Бергштрихи
100
AcDbLine
 10
1040.89745
 20
136.6
 30
0.0
 11
1040.148725
 21
136.6
 31
0.0
  0
LINE
  5
2CB
330
17
100
AcDbEntity
  8
Бергштрихи
100
AcDbLine
 10
1040.89745
 20
137.6
 30
0.0
 11
1039.3999999999999
 21
137.6
 31
0.0
  0
LINE
  5
2CC
330
17
100
AcDbEntity
  8
Бергштрихи
100
AcDbLine
 10
1040.89745
 20
138.6
 30
0.0
 11
1040.148725
 21
138.6
 31
0.0
  0
LINE
  5
2CD
330
17
100
AcDbEntity
  8
Бергштрихи
100
AcDbLine
 10
1040.89745
 20
139.6
 30
0.0
 11
1039.3999999999999
 21
139.6
 31
0.0
  0
LINE
  5
2CE
330
17
100
AcDbEntity
  8
Бергштрихи
100
AcDbLine
 10
1040.89745
 20
140.60000000000002
 30
0.0
 11
1040.148725
 21
140.60000000000002
 31
0.0
  0
LINE
  5
2CF
330
17
100
AcDbEntity
  8
Бергштрихи
100
AcDbLine
 10
1040.89745
 20
141.60000000000002
 30
0.0
 11
1039.3999999999999
 21
141.60000000000002
 31
0.0
  0
LINE
  5
2D0
330
17
100
AcDbEntity
  8
Бергштрихи
100
AcDbLine
 10
1040.89745
 20
142.60000000000002
 30
0.0
 11
1040.148725
 21
142.60000000000002
 31
0.0
  0
LINE
  5
2D1
330
17
100
AcDbEntity
  8
Бергштрихи
100
AcDbLine
 10
1042.3949
 20
144.10255
 30
0.0
 11
1042.3949
 21
145.6
 31
0.0
  0
LINE
  5
2D2
330
17
100
AcDbEntity
  8
Бергштрихи
100
AcDbLine
 10
1043.3949
 20
144.10255
 30
0.0
 11
1043.3949
 21
144.85127500000002
 31
0.0
  0
LINE
  5
2D3
330
17
100
AcDbEntity
  8
Бергштрихи
100
AcDbLine
 10
1044.3949
 20
144.10255
 30
0.0
 11
1044.3949
 21
145.6
 31
0.0
  0
LINE
  5
2D4
330
17
100
AcDbEntity
  8
Бергштрихи
100
AcDbLine
 10
1045.3949
 20
144.10255
 30
0.0
 11
1045.3949
 21
144.85127500000002
 31
0.0
  0
LINE
  5
2D5
330
17
100
AcDbEntity
  8
Бергштрихи
100
AcDbLine
 10
1046.3949
 20
144.10255
 30
0.0
 11
1046.3949
 21
145.6
 31
0.0
  0
LINE
  5
2D6
330
17
100
AcDbEntity
  8
Бергштрихи
100
AcDbLine
 10
1047.3949
 20
144.10255
 30
0.0
 11
1047.3949
 21
144.85127500000002
 31
0.0
  0
LINE
  5
2D7
330
17
100
AcDbEntity
  8
Бергштрихи
100
AcDbLine
 10
1048.3949
 20
144.10255
 30
0.0
 11
1048.3949
 21
145.6
 31
0.0
  0
LINE
  5
2D8
330
17
100
AcDbEntity
  8
Бергштрихи
100
AcDbLine
 10
1049.3949
 20
144.10255
 30
0.0
 11
1049.3949
 21
144.85127500000002
 31
0.0
  0
LINE
  5
2D9
330
17
100
AcDbEntity
  8
Бергштрихи
100
AcDbLine
 10
1050.3949
 20
144.10255
 30
0.0
 11
1050.3949
 21
145.6
 31
0.0
  0
LINE
  5
2DA
330
17
100
AcDbEntity
  8
Бергштрихи
100
AcDbLine
 10
1051.3949
 20
144.10255
 30
0.0
 11
1051.3949
 21
144.85127500000002
 31
0.0
  0
LINE
  5
2DB
330
17
100
AcDbEntity
  8
Бергштрихи
100
AcDbLine
 10
1052.3949
 20
144.10255
 30
0.0
 11
1052.3949
 21
145.6
 31
0.0
  0
LINE
  5
2DC
330
17
100
AcDbEntity
  8
Бергштрихи
100
AcDbLine
 10
1053.3949
 20
144.10255
 30
0.0
 11
1053.3949
 21
144.85127500000002
 31
0.0
  0
LINE
  5
2DD
330
17
100
AcDbEntity
  8
Бергштрихи
100
AcDbLine
 10
1054.3949
 20
144.10255
 30
0.0
 11
1054.3949
 21
145.6
 31
0.0
  0
LINE
  5
2DE
330
17
100
AcDbEntity
  8
Бергштрихи
100
AcDbLine
 10
1055.3949
 20
144.10255
 30
0.0
 11
1055.3949
 21
144.85127500000002
 31
0.0
  0
LINE
  5
2DF
330
17
100
AcDbEntity
  8
Бергштрихи
100
AcDbLine
 10
1056.3949
 20
144.10255
 30
0.0
 11
1056.3949
 21
145.6
 31
0.0
  0
LINE
  5
2E0
330
17
100
AcDbEntity
  8
Бергштрихи
100
AcDbLine
 10
1057.3949
 20
144.10255
 30
0.0
 11
1057.3949
 21
144.85127500000002
 31
0.0
  0
LINE
  5
2E1
330
17
100
AcDbEntity
  8
Бергштрихи
100
AcDbLine
 10
1058.3949
 20
144.10255
 30
0.0
 11
1058.3949
 21
145.6
 31
0.0
  0
LINE
  5
2E2
330
17
100
AcDbEntity
  8
Бергштрихи
100
AcDbLine
 10
1059.3949
 20
144.10255
 30
0.0
 11
1059.3949
 21
144.85127500000002
 31
0.0
  0
LINE
  5
2E3
330
17
100
AcDbEntity
  8
Бергштрихи
100
AcDbLine
 10
1060.3949
 20
144.10255
 30
0.0
 11
1060.3949
 21
145.6
 31
0.0
  0
LINE
  5
2E4
330
17
100
AcDbEntity
  8
Бергштрихи
100
AcDbLine
 10
1061.3949
 20
144.10255
 30
0.0
 11
1061.3949
 21
144.85127500000002
 31
0.0
  0
LINE
  5
2E5
330
17
100
AcDbEntity
  8
Бергштрихи
100
AcDbLine
 10
1062.3949
 20
144.10255
 30
0.0
 11
1062.3949
 21
145.6
 31
0.0
  0
LINE
  5
2E6
330
17
100
AcDbEntity
  8
Бергштрихи
100
AcDbLine
 10
1063.3949
 20
144.10255
 30
0.0
 11
1063.3949
 21
144.85127500000002
 31
0.0
  0
LINE
  5
2E7
330
17
100
AcDbEntity
  8
Бергштрихи
100
AcDbLine
 10
1064.3949
 20
144.10255
 30
0.0
 11
1064.3949
 21
145.6
 31
0.0
  0
LINE
  5
2E8
330
17
100
AcDbEntity
  8
Бергштрихи
100
AcDbLine
 10
1065.3949
 20
144.10255
 30
0.0
 11
1065.3949
 21
144.85127500000002
 31
0.0
  0
LINE
  5
2E9
330
17
100
AcDbEntity
  8
Бергштрихи
100
AcDbLine
 10
1066.3949
 20
144.10255
 30
0.0
 11
1066.3949
 21
145.6
 31
0.0
  0
LINE
  5
2EA
330
17
100
AcDbEntity
  8
Бергштрихи
100
AcDbLine
 10
1067.3949
 20
144.10255
 30
0.0
 11
1067.3949
 21
144.85127500000002
 31
0.0
  0
LINE
  5
2EB
330
17
100
AcDbEntity
  8
Бергштрихи
100
AcDbLine
 10
1068.3949
 20
144.10255
 30
0.0
 11
1068.3949
 21
145.6
 31
0.0
  0
LINE
  5
2EC
330
17
100
AcDbEntity
  8
Бергштрихи
100
AcDbLine
 10
1069.3949
 20
144.10255
 30
0.0
 11
1069.3949
 21
144.85127500000002
 31
0.0
  0
LINE
  5
2ED
330
17
100
AcDbEntity
  8
Бергштрихи
100
AcDbLine
 10
1070.3949
 20
144.10255
 30
0.0
 11
1070.3949
 21
145.6
 31
0.0
  0
LINE
  5
2EE
330
17
100
AcDbEntity
  8
Бергштрихи
100
AcDbLine
 10
1071.3949
 20
144.10255
 30
0.0
 11
1071.3949
 21
144.85127500000002
 31
0.0
  0
LINE
  5
2EF
330
17
100
AcDbEntity
  8
Бергштрихи
100
AcDbLine
 10
1072.3949
 20
144.10255
 30
0.0
 11
1072.3949
 21
145.6
 31
0.0
  0
LINE
  5
2F0
330
17
100
AcDbEntity
  8
Бергштрихи
100
AcDbLine
 10
1073.3949
 20
144.10255
 30
0.0
 11
1073.3949
 21
144.85127500000002
 31
0.0
  0
LINE
  5
2F1
330
17
100
AcDbEntity
  8
Бергштрихи
100
AcDbLine
 10
1074.3949
 20
144.10255
 30
0.0
 11
1074.3949
 21
145.6
 31
0.0
  0
LINE
  5
2F2
330
17
100
AcDbEntity
  8
Бергштрихи
100
AcDbLine
 10
1075.3949
 20
144.10255
 30
0.0
 11
1075.3949
 21
144.85127500000002
 31
0.0
  0
LINE
  5
2F3
330
17
100
AcDbEntity
  8
Бергштрихи
100
AcDbLine
 10
1076.3949
 20
144.10255
 30
0.0
 11
1076.3949
 21
145.6
 31
0.0
  0
LINE
  5
2F4
330
17
100
AcDbEntity
  8
Бергштрихи
100
AcDbLine
 10
1077.3949
 20
144.10255
 30
0.0
 11
1077.3949
 21
144.85127500000002
 31
0.0
  0
LINE
  5
2F5
330
17
100
AcDbEntity
  8
Бергштрихи
100
AcDbLine
 10
1078.3949
 20
144.10255
 30
0.0
 11
1078.3949
 21
145.6
 31
0.0
  0
LINE
  5
2F6
330
17
100
AcDbEntity
  8
Бергштрихи
100
AcDbLine
 10
1079.3949
 20
144.10255
 30
0.0
 11
1079.3949
 21
144.85127500000002
 31
0.0
  0
LINE
  5
2F7
330
17
100
AcDbEntity
  8
Бергштрихи
100
AcDbLine
 10
1080.3949
 20
144.10255
 30
0.0
 11
1080.3949
 21
145.6
 31
0.0
  0
LINE
  5
2F8
330
17
100
AcDbEntity
  8
Бергштрихи
100
AcDbLine
 10
1081.3949
 20
144.10255
 30
0.0
 11
1081.3949
 21
144.85127500000002
 31
0.0
  0
LINE
  5
2F9
330
17
100
AcDbEntity
  8
Бергштрихи
100
AcDbLine
 10
1082.89745
 20
145.6
 30
0.0
 11
1081.3999999999999
 21
145.6
 31
0.0
  0
LINE
  5
2FA
330
17
100
AcDbEntity
  8
Бергштрихи
100
AcDbLine
 10
1082.89745
 20
146.6
 30
0.0
 11
1082.148725
 21
146.6
 31
0.0
  0
LINE
  5
2FB
330
17
100
AcDbEntity
  8
Бергштрихи
100
AcDbLine
 10
1082.89745
 20
147.6
 30
0.0
 11
1081.3999999999999
 21
147.6
 31
0.0
  0
LINE
  5
2FC
330
17
100
AcDbEntity
  8
Бергштрихи
100
AcDbLine
 10
1082.89745
 20
148.6
 30
0.0
 11
1082.148725
 21
148.6
 31
0.0
  0
LINE
  5
2FD
330
17
100
AcDbEntity
  8
Бергштрихи
100
AcDbLine
 10
1082.89745
 20
149.6
 30
0.0
 11
1081.3999999999999
 21
149.6
 31
0.0
  0
LINE
  5
2FE
330
17
100
AcDbEntity
  8
Бергштрихи
100
AcDbLine
 10
1082.89745
 20
150.6
 30
0.0
 11
1082.148725
 21
150.6
 31
0.0
  0
LINE
  5
2FF
330
17
100
AcDbEntity
  8
Бергштрихи
100
AcDbLine
 10
1082.89745
 20
151.6
 30
0.0
 11
1081.3999999999999
 21
151.6
 31
0.0
  0
LINE
  5
300
330
17
100
AcDbEntity
  8
Бергштрихи
100
AcDbLine
 10
1082.89745
 20
152.60000000000002
 30
0.0
 11
1082.148725
 21
152.60000000000002
 31
0.0
  0
LINE
  5
301
330
17
100
AcDbEntity
  8
Бергштрихи
100
AcDbLine
 10
1082.89745
 20
159.60000000000002
 30
0.0
 11
1081.3999999999999
 21
159.60000000000002
 31
0.0
  0
LINE
  5
302
330
17
100
AcDbEntity
  8
Бергштрихи
100
AcDbLine
 10
1082.89745
 20
160.60000000000002
 30
0.0
 11
1082.148725
 21
160.60000000000002
 31
0.0
  0
LINE
  5
303
330
17
100
AcDbEntity
  8
Бергштрихи
100
AcDbLine
 10
1082.89745
 20
161.60000000000002
 30
0.0
 11
1081.3999999999999
 21
161.60000000000002
 31
0.0
  0
LINE
  5
304
330
17
100
AcDbEntity
  8
Бергштрихи
100
AcDbLine
 10
1082.89745
 20
162.60000000000002
 30
0.0
 11
1082.148725
 21
162.60000000000002
 31
0.0
  0
LINE
  5
305
330
17
100
AcDbEntity
  8
Бергштрихи
100
AcDbLine
 10
1082.89745
 20
163.60000000000002
 30
0.0
 11
1081.3999999999999
 21
163.60000000000002
 31
0.0
  0
LINE
  5
306
330
17
100
AcDbEntity
  8
Бергштрихи
100
AcDbLine
 10
1082.89745
 20
164.60000000000002
 30
0.0
 11
1082.148725
 21
164.60000000000002
 31
0.0
  0
LINE
  5
307
330
17
100
AcDbEntity
  8
Бергштрихи
100
AcDbLine
 10
1082.89745
 20
165.60000000000002
 30
0.0
 11
1081.3999999999999
 21
165.60000000000002
 31
0.0
  0
LINE
  5
308
330
17
100
AcDbEntity
  8
Бергштрихи
100
AcDbLine
 10
1081.3999999999999
 20
167.89745
 30
0.0
 11
1081.3999999999999
 21
166.4
 31
0.0
  0
LINE
  5
309
330
17
100
AcDbEntity
  8
Бергштрихи
100
AcDbLine
 10
1080.3999999999999
 20
167.89745
 30
0.0
 11
1080.3999999999999
 21
167.14872499999998
 31
0.0
  0
LINE
  5
30A
330
17
100
AcDbEntity
  8
Бергштрихи
100
AcDbLine
 10
1079.3999999999999
 20
167.89745
 30
0.0
 11
1079.3999999999999
 21
166.4
 31
0.0
  0
LINE
  5
30B
330
17
100
AcDbEntity
  8
Бергштрихи
100
AcDbLine
 10
1078.3999999999999
 20
167.89745
 30
0.0
 11
1078.3999999999999
 21
167.14872499999998
 31
0.0
  0
LINE
  5
30C
330
17
100
AcDbEntity
  8
Бергштрихи
100
AcDbLine
 10
1077.3999999999999
 20
167.89745
 30
0.0
 11
1077.3999999999999
 21
166.4
 31
0.0
  0
LINE
  5
30D
330
17
100
AcDbEntity
  8
Бергштрихи
100
AcDbLine
 10
1076.3999999999999
 20
167.89745
 30
0.0
 11
1076.3999999999999
 21
167.14872499999998
 31
0.0
  0
LINE
  5
30E
330
17
100
AcDbEntity
  8
Бергштрихи
100
AcDbLine
 10
1075.3999999999999
 20
167.89745
 30
0.0
 11
1075.3999999999999
 21
166.4
 31
0.0
  0
LINE
  5
30F
330
17
100
AcDbEntity
  8
Бергштрихи
100
AcDbLine
 10
1074.3999999999999
 20
167.89745
 30
0.0
 11
1074.3999999999999
 21
167.14872499999998
 31
0.0
  0
LINE
  5
310
330
17
100
AcDbEntity
  8
Бергштрихи
100
AcDbLine
 10
1073.3999999999999
 20
167.89745
 30
0.0
 11
1073.3999999999999
 21
166.4
 31
0.0
  0
LINE
  5
311
330
17
100
AcDbEntity
  8
Бергштрихи
100
AcDbLine
 10
1072.3999999999999
 20
167.89745
 30
0.0
 11
1072.3999999999999
 21
167.14872499999998
 31
0.0
  0
LINE
  5
312
330
17
100
AcDbEntity
  8
Бергштрихи
100
AcDbLine
 10
1071.3999999999999
 20
167.89745
 30
0.0
 11
1071.3999999999999
 21
166.4
 31
0.0
  0
LINE
  5
313
330
17
100
AcDbEntity
  8
Бергштрихи
100
AcDbLine
 10
1070.3999999999999
 20
167.89745
 30
0.0
 11
1070.3999999999999
 21
167.14872499999998
 31
0.0
  0
LINE
  5
314
330
17
100
AcDbEntity
  8
Бергштрихи
100
AcDbLine
 10
1069.3999999999999
 20
167.89745
 30
0.0
 11
1069.3999999999999
 21
166.4
 31
0.0
  0
LINE
  5
315
330
17
100
AcDbEntity
  8
Бергштрихи
100
AcDbLine
 10
1068.3999999999999
 20
167.89745
 30
0.0
 11
1068.3999999999999
 21
167.14872499999998
 31
0.0
  0
LINE
  5
316
330
17
100
AcDbEntity
  8
Бергштрихи
100
AcDbLine
 10
1067.3999999999999
 20
167.89745
 30
0.0
 11
1067.3999999999999
 21
166.4
 31
0.0
  0
LINE
  5
317
330
17
100
AcDbEntity
  8
Бергштрихи
100
AcDbLine
 10
1066.3999999999999
 20
167.89745
 30
0.0
 11
1066.3999999999999
 21
167.14872499999998
 31
0.0
  0
LINE
  5
318
330
17
100
AcDbEntity
  8
Бергштрихи
100
AcDbLine
 10
1065.3999999999999
 20
167.89745
 30
0.0
 11
1065.3999999999999
 21
166.4
 31
0.0
  0
LINE
  5
319
330
17
100
AcDbEntity
  8
Бергштрихи
100
AcDbLine
 10
1064.3999999999999
 20
167.89745
 30
0.0
 11
1064.3999999999999
 21
167.14872499999998
 31
0.0
  0
LINE
  5
31A
330
17
100
AcDbEntity
  8
Бергштрихи
100
AcDbLine
 10
1063.3999999999999
 20
167.89745
 30
0.0
 11
1063.3999999999999
 21
166.4
 31
0.0
  0
LINE
  5
31B
330
17
100
AcDbEntity
  8
Бергштрихи
100
AcDbLine
 10
1062.3999999999999
 20
167.89745
 30
0.0
 11
1062.3999999999999
 21
167.14872499999998
 31
0.0
  0
LINE
  5
31C
330
17
100
AcDbEntity
  8
Бергштрихи
100
AcDbLine
 10
1061.3999999999999
 20
167.89745
 30
0.0
 11
1061.3999999999999
 21
166.4
 31
0.0
  0
LINE
  5
31D
330
17
100
AcDbEntity
  8
Бергштрихи
100
AcDbLine
 10
1060.3999999999999
 20
167.89745
 30
0.0
 11
1060.3999999999999
 21
167.14872499999998
 31
0.0
  0
LINE
  5
31E
330
17
100
AcDbEntity
  8
Бергштрихи
100
AcDbLine
 10
1059.3999999999999
 20
167.89745
 30
0.0
 11
1059.3999999999999
 21
166.4
 31
0.0
  0
LINE
  5
31F
330
17
100
AcDbEntity
  8
Бергштрихи
100
AcDbLine
 10
1058.3999999999999
 20
167.89745
 30
0.0
 11
1058.3999999999999
 21
167.14872499999998
 31
0.0
  0
LINE
  5
320
330
17
100
AcDbEntity
  8
Бергштрихи
100
AcDbLine
 10
1057.3999999999999
 20
167.89745
 30
0.0
 11
1057.3999999999999
 21
166.4
 31
0.0
  0
LINE
  5
321
330
17
100
AcDbEntity
  8
Бергштрихи
100
AcDbLine
 10
1056.3999999999999
 20
167.89745
 30
0.0
 11
1056.3999999999999
 21
167.14872499999998
 31
0.0
  0
LINE
  5
322
330
17
100
AcDbEntity
  8
Бергштрихи
100
AcDbLine
 10
1055.3999999999999
 20
167.89745
 30
0.0
 11
1055.3999999999999
 21
166.4
 31
0.0
  0
LINE
  5
323
330
17
100
AcDbEntity
  8
Бергштрихи
100
AcDbLine
 10
1054.3999999999999
 20
167.89745
 30
0.0
 11
1054.3999999999999
 21
167.14872499999998
 31
0.0
  0
LINE
  5
324
330
17
100
AcDbEntity
  8
Бергштрихи
100
AcDbLine
 10
1053.3999999999999
 20
167.89745
 30
0.0
 11
1053.3999999999999
 21
166.4
 31
0.0
  0
LINE
  5
325
330
17
100
AcDbEntity
  8
Бергштрихи
100
AcDbLine
 10
1052.3999999999999
 20
167.89745
 30
0.0
 11
1052.3999999999999
 21
167.14872499999998
 31
0.0
  0
LINE
  5
326
330
17
100
AcDbEntity
  8
Бергштрихи
100
AcDbLine
 10
1051.3999999999999
 20
167.89745
 30
0.0
 11
1051.3999999999999
 21
166.4
 31
0.0
  0
LINE
  5
327
330
17
100
AcDbEntity
  8
Бергштрихи
100
AcDbLine
 10
1050.3999999999999
 20
167.89745
 30
0.0
 11
1050.3999999999999
 21
167.14872499999998
 31
0.0
  0
LINE
  5
328
330
17
100
AcDbEntity
  8
Бергштрихи
100
AcDbLine
 10
1049.3999999999999
 20
167.89745
 30
0.0
 11
1049.3999999999999
 21
166.4
 31
0.0
  0
LINE
  5
329
330
17
100
AcDbEntity
  8
Бергштрихи
100
AcDbLine
 10
1048.3999999999999
 20
167.89745
 30
0.0
 11
1048.3999999999999
 21
167.14872499999998
 31
0.0
  0
LINE
  5
32A
330
17
100
AcDbEntity
  8
Бергштрихи
100
AcDbLine
 10
1047.3999999999999
 20
167.89745
 30
0.0
 11
1047.3999999999999
 21
166.4
 31
0.0
  0
LINE
  5
32B
330
17
100
AcDbEntity
  8
Бергштрихи
100
AcDbLine
 10
1046.3999999999999
 20
167.89745
 30
0.0
 11
1046.3999999999999
 21
167.14872499999998
 31
0.0
  0
LINE
  5
32C
330
17
100
AcDbEntity
  8
Бергштрихи
100
AcDbLine
 10
1045.3999999999999
 20
167.89745
 30
0.0
 11
1045.3999999999999
 21
166.4
 31
0.0
  0
LINE
  5
32D
330
17
100
AcDbEntity
  8
Бергштрихи
100
AcDbLine
 10
1044.3999999999999
 20
167.89745
 30
0.0
 11
1044.3999999999999
 21
167.14872499999998
 31
0.0
  0
LINE
  5
32E
330
17
100
AcDbEntity
  8
Бергштрихи
100
AcDbLine
 10
1043.3999999999999
 20
167.89745
 30
0.0
 11
1043.3999999999999
 21
166.4
 31
0.0
  0
LINE
  5
32F
330
17
100
AcDbEntity
  8
Бергштрихи
100
AcDbLine
 10
1042.3999999999999
 20
167.89745
 30
0.0
 11
1042.3999999999999
 21
167.14872499999998
 31
0.0
  0
LINE
  5
330
330
17
100
AcDbEntity
  8
Бергштрихи
100
AcDbLine
 10
1041.3999999999999
 20
167.89745
 30
0.0
 11
1041.3999999999999
 21
166.4
 31
0.0
  0
LINE
  5
331
330
17
100
AcDbEntity
  8
Бергштрихи
100
AcDbLine
 10
1040.3999999999999
 20
167.89745
 30
0.0
 11
1040.3999999999999
 21
167.14872499999998
 31
0.0
  0
LINE
  5
332
330
17
100
AcDbEntity
  8
Бергштрихи
100
AcDbLine
 10
1039.3999999999999
 20
167.89745
 30
0.0
 11
1039.3999999999999
 21
166.4
 31
0.0
  0
LINE
  5
333
330
17
100
AcDbEntity
  8
Бергштрихи
100
AcDbLine
 10
1038.3999999999999
 20
167.89745
 30
0.0
 11
1038.3999999999999
 21
167.14872499999998
 31
0.0
  0
LINE
  5
334
330
17
100
AcDbEntity
  8
Бергштрихи
100
AcDbLine
 10
1037.3999999999999
 20
167.89745
 30
0.0
 11
1037.3999999999999
 21
166.4
 31
0.0
  0
LINE
  5
335
330
17
100
AcDbEntity
  8
Бергштрихи
100
AcDbLine
 10
1036.3999999999999
 20
167.89745
 30
0.0
 11
1036.3999999999999
 21
167.14872499999998
 31
0.0
  0
LINE
  5
336
330
17
100
AcDbEntity
  8
Бергштрихи
100
AcDbLine
 10
1035.3999999999999
 20
167.89745
 30
0.0
 11
1035.3999999999999
 21
166.4
 31
0.0
  0
LINE
  5
337
330
17
100
AcDbEntity
  8
Бергштрихи
100
AcDbLine
 10
1034.3999999999999
 20
167.89745
 30
0.0
 11
1034.3999999999999
 21
167.14872499999998
 31
0.0
  0
LINE
  5
338
330
17
100
AcDbEntity
  8
Бергштрихи
100
AcDbLine
 10
1033.3999999999999
 20
167.89745
 30
0.0
 11
1033.3999999999999
 21
166.4
 31
0.0
  0
LINE
  5
339
330
17
100
AcDbEntity
  8
Бергштрихи
100
AcDbLine
 10
1032.3999999999999
 20
167.89745
 30
0.0
 11
1032.3999999999999
 21
167.14872499999998
 31
0.0
  0
LINE
  5
33A
330
17
100
AcDbEntity
  8
Бергштрихи
100
AcDbLine
 10
1031.3999999999999
 20
167.89745
 30
0.0
 11
1031.3999999999999
 21
166.4
 31
0.0
  0
LINE
  5
33B
330
17
100
AcDbEntity
  8
Бергштрихи
100
AcDbLine
 10
1030.3999999999999
 20
167.89745
 30
0.0
 11
1030.3999999999999
 21
167.14872499999998
 31
0.0
  0
LINE
  5
33C
330
17
100
AcDbEntity
  8
Бергштрихи
100
AcDbLine
 10
1029.3999999999999
 20
167.89745
 30
0.0
 11
1029.3999999999999
 21
166.4
 31
0.0
  0
LINE
  5
33D
330
17
100
AcDbEntity
  8
Бергштрихи
100
AcDbLine
 10
1028.3999999999999
 20
167.89745
 30
0.0
 11
1028.3999999999999
 21
167.14872499999998
 31
0.0
  0
LINE
  5
33E
330
17
100
AcDbEntity
  8
Бергштрихи
100
AcDbLine
 10
1027.3999999999999
 20
167.89745
 30
0.0
 11
1027.3999999999999
 21
166.4
 31
0.0
  0
LINE
  5
33F
330
17
100
AcDbEntity
  8
Бергштрихи
100
AcDbLine
 10
1026.3999999999999
 20
167.89745
 30
0.0
 11
1026.3999999999999
 21
167.14872499999998
 31
0.0
  0
LINE
  5
340
330
17
100
AcDbEntity
  8
Бергштрихи
100
AcDbLine
 10
1025.3999999999999
 20
167.89745
 30
0.0
 11
1025.3999999999999
 21
166.4
 31
0.0
  0
LINE
  5
341
330
17
100
AcDbEntity
  8
Бергштрихи
100
AcDbLine
 10
1024.3999999999999
 20
167.89745
 30
0.0
 11
1024.3999999999999
 21
167.14872499999998
 31
0.0
  0
LINE
  5
342
330
17
100
AcDbEntity
  8
Бергштрихи
100
AcDbLine
 10
1023.4
 20
167.89745
 30
0.0
 11
1023.4
 21
166.4
 31
0.0
  0
LINE
  5
343
330
17
100
AcDbEntity
  8
Бергштрихи
100
AcDbLine
 10
1022.4
 20
167.89745
 30
0.0
 11
1022.4
 21
167.14872499999998
 31
0.0
  0
LINE
  5
344
330
17
100
AcDbEntity
  8
Бергштрихи
100
AcDbLine
 10
1021.4
 20
167.89745
 30
0.0
 11
1021.4
 21
166.4
 31
0.0
  0
LINE
  5
345
330
17
100
AcDbEntity
  8
Бергштрихи
100
AcDbLine
 10
1020.4
 20
167.89745
 30
0.0
 11
1020.4
 21
167.14872499999998
 31
0.0
  0
LINE
  5
346
330
17
100
AcDbEntity
  8
Бергштрихи
100
AcDbLine
 10
1019.4
 20
167.89745
 30
0.0
 11
1019.4
 21
166.4
 31
0.0
  0
LINE
  5
347
330
17
100
AcDbEntity
  8
Бергштрихи
100
AcDbLine
 10
1017.1025500000001
 20
166.4
 30
0.0
 11
1018.6
 21
166.4
 31
0.0
  0
LINE
  5
348
330
17
100
AcDbEntity
  8
Бергштрихи
100
AcDbLine
 10
1017.1025500000001
 20
165.4
 30
0.0
 11
1017.8512750000001
 21
165.4
 31
0.0
  0
LINE
  5
349
330
17
100
AcDbEntity
  8
Бергштрихи
100
AcDbLine
 10
1017.1025500000001
 20
164.4
 30
0.0
 11
1018.6
 21
164.4
 31
0.0
  0
LINE
  5
34A
330
17
100
AcDbEntity
  8
Бергштрихи
100
AcDbLine
 10
1017.1025500000001
 20
163.4
 30
0.0
 11
1017.8512750000001
 21
163.4
 31
0.0
  0
LINE
  5
34B
330
17
100
AcDbEntity
  8
Бергштрихи
100
AcDbLine
 10
1017.1025500000001
 20
162.4
 30
0.0
 11
1018.6
 21
162.4
 31
0.0
  0
LINE
  5
34C
330
17
100
AcDbEntity
  8
Бергштрихи
100
AcDbLine
 10
1017.1025500000001
 20
161.4
 30
0.0
 11
1017.8512750000001
 21
161.4
 31
0.0
  0
LINE
  5
34D
330
17
100
AcDbEntity
  8
Бергштрихи
100
AcDbLine
 10
1017.1025500000001
 20
160.4
 30
0.0
 11
1018.6
 21
160.4
 31
0.0
  0
LINE
  5
34E
330
17
100
AcDbEntity
  8
Бергштрихи
100
AcDbLine
 10
1017.1025500000001
 20
159.39999999999998
 30
0.0
 11
1017.8512750000001
 21
159.39999999999998
 31
0.0
  0
LINE
  5
34F
330
17
100
AcDbEntity
  8
Бергштрихи
100
AcDbLine
 10
1017.1025500000001
 20
158.39999999999998
 30
0.0
 11
1018.6
 21
158.39999999999998
 31
0.0
  0
LINE
  5
350
330
17
100
AcDbEntity
  8
Бергштрихи
100
AcDbLine
 10
1017.1025500000001
 20
157.39999999999998
 30
0.0
 11
1017.8512750000001
 21
157.39999999999998
 31
0.0
  0
LINE
  5
351
330
17
100
AcDbEntity
  8
Бергштрихи
100
AcDbLine
 10
1017.1025500000001
 20
156.39999999999998
 30
0.0
 11
1018.6
 21
156.39999999999998
 31
0.0
  0
LINE
  5
352
330
17
100
AcDbEntity
  8
Бергштрихи
100
AcDbLine
 10
1017.1025500000001
 20
155.39999999999998
 30
0.0
 11
1017.8512750000001
 21
155.39999999999998
 31
0.0
  0
LINE
  5
353
330
17
100
AcDbEntity
  8
Бергштрихи
100
AcDbLine
 10
1017.1025500000001
 20
154.39999999999998
 30
0.0
 11
1018.6
 21
154.39999999999998
 31
0.0
  0
LINE
  5
354
330
17
100
AcDbEntity
  8
Бергштрихи
100
AcDbLine
 10
1017.1025500000001
 20
153.39999999999998
 30
0.0
 11
1017.8512750000001
 21
153.39999999999998
 31
0.0
  0
LINE
  5
355
330
17
100
AcDbEntity
  8
Бергштрихи
100
AcDbLine
 10
1017.1025500000001
 20
152.39999999999998
 30
0.0
 11
1018.6
 21
152.39999999999998
 31
0.0
  0
LINE
  5
356
330
17
100
AcDbEntity
  8
Бергштрихи
100
AcDbLine
 10
1017.1025500000001
 20
151.39999999999998
 30
0.0
 11
1017.8512750000001
 21
151.39999999999998
 31
0.0
  0
LINE
  5
357
330
17
100
AcDbEntity
  8
Бергштрихи
100
AcDbLine
 10
1017.1025500000001
 20
150.39999999999998
 30
0.0
 11
1018.6
 21
150.39999999999998
 31
0.0
  0
LINE
  5
358
330
17
100
AcDbEntity
  8
Бергштрихи
100
AcDbLine
 10
1017.1025500000001
 20
149.39999999999998
 30
0.0
 11
1017.8512750000001
 21
149.39999999999998
 31
0.0
  0
LINE
  5
359
330
17
100
AcDbEntity
  8
Бергштрихи
100
AcDbLine
 10
1017.1025500000001
 20
148.39999999999998
 30
0.0
 11
1018.6
 21
148.39999999999998
 31
0.0
  0
LINE
  5
35A
330
17
100
AcDbEntity
  8
Бергштрихи
100
AcDbLine
 10
1017.1025500000001
 20
147.39999999999998
 30
0.0
 11
1017.8512750000001
 21
147.39999999999998
 31
0.0
  0
LINE
  5
35B
330
17
100
AcDbEntity
  8
Бергштрихи
100
AcDbLine
 10
1017.1025500000001
 20
146.39999999999998
 30
0.0
 11
1018.6
 21
146.39999999999998
 31
0.0
  0
LINE
  5
35C
330
17
100
AcDbEntity
  8
Бергштрихи
100
AcDbLine
 10
1017.1025500000001
 20
145.39999999999998
 30
0.0
 11
1017.8512750000001
 21
145.39999999999998
 31
0.0
  0
LINE
  5
35D
330
17
100
AcDbEntity
  8
Бергштрихи
100
AcDbLine
 10
1017.1025500000001
 20
144.39999999999998
 30
0.0
 11
1018.6
 21
144.39999999999998
 31
0.0
  0
LINE
  5
35E
330
17
100
AcDbEntity
  8
Бергштрихи
100
AcDbLine
 10
1017.1025500000001
 20
143.39999999999998
 30
0.0
 11
1017.8512750000001
 21
143.39999999999998
 31
0.0
  0
LINE
  5
35F
330
17
100
AcDbEntity
  8
Бергштрихи
100
AcDbLine
 10
1017.1025500000001
 20
142.39999999999998
 30
0.0
 11
1018.6
 21
142.39999999999998
 31
0.0
  0
LINE
  5
360
330
17
100
AcDbEntity
  8
Бергштрихи
100
AcDbLine
 10
1017.1025500000001
 20
141.39999999999998
 30
0.0
 11
1017.8512750000001
 21
141.39999999999998
 31
0.0
  0
LINE
  5
361
330
17
100
AcDbEntity
  8
Бергштрихи
100
AcDbLine
 10
1017.1025500000001
 20
140.39999999999998
 30
0.0
 11
1018.6
 21
140.39999999999998
 31
0.0
  0
LINE
  5
362
330
17
100
AcDbEntity
  8
Бергштрихи
100
AcDbLine
 10
1017.1025500000001
 20
139.39999999999998
 30
0.0
 11
1017.8512750000001
 21
139.39999999999998
 31
0.0
  0
LINE
  5
363
330
17
100
AcDbEntity
  8
Бергштрихи
100
AcDbLine
 10
1017.1025500000001
 20
138.39999999999998
 30
0.0
 11
1018.6
 21
138.39999999999998
 31
0.0
  0
LINE
  5
364
330
17
100
AcDbEntity
  8
Бергштрихи
100
AcDbLine
 10
1017.1025500000001
 20
137.39999999999998
 30
0.0
 11
1017.8512750000001
 21
137.39999999999998
 31
0.0
  0
LINE
  5
365
330
17
100
AcDbEntity
  8
Бергштрихи
100
AcDbLine
 10
1017.1025500000001
 20
136.39999999999998
 30
0.0
 11
1018.6
 21
136.39999999999998
 31
0.0
  0
LINE
  5
366
330
17
100
AcDbEntity
  8
Бергштрихи
100
AcDbLine
 10
1017.1025500000001
 20
135.39999999999998
 30
0.0
 11
1017.8512750000001
 21
135.39999999999998
 31
0.0
  0
LINE
  5
367
330
17
100
AcDbEntity
  8
Бергштрихи
100
AcDbLine
 10
1017.1025500000001
 20
134.39999999999998
 30
0.0
 11
1018.6
 21
134.39999999999998
 31
0.0
  0
LWPOLYLINE
  5
368
330
17
100
AcDbEntity
  8
Конструкции
  6
DASHED
370
25
 48
2.0
100
AcDbPolyline
 90
6
 70
1
 10
1019.8
 20
134.8
 10
1038.2
 20
134.8
 10
1038.2
 20
146.8
 10
1080.2
 20
146.8
 10
1080.2
 20
165.2
 10
1019.8
 20
165.2
  0
LINE
  5
369
330
17
100
AcDbEntity
  8
Оси
  6
CENTER
 48
2.4
100
AcDbLine
 10
1020.0
 20
168.89745
 30
0.0
 11
1020.0
 21
122.60255000000001
 31
0.0
  0
CIRCLE
  5
36A
330
17
100
AcDbEntity
  8
Оси
100
AcDbCircle
 10
1020.0
 20
120.60255000000001
 30
0.0
 40
2.0
  0
MTEXT
  5
36B
330
17
100
AcDbEntity
  8
Оси
100
AcDbMText
 10
1020.0
 20
120.60255000000001
 30
0.0
 40
1.75
 71
5
  1
1
  7
ГОСТ тип Б
  0
LINE
  5
36C
330
17
100
AcDbEntity
  8
Оси
  6
CENTER
 48
2.4
100
AcDbLine
 10
1038.0
 20
168.89745
 30
0.0
 11
1038.0
 21
122.60255000000001
 31
0.0
  0
CIRCLE
  5
36D
330
17
100
AcDbEntity
  8
Оси
100
AcDbCircle
 10
1038.0
 20
120.60255000000001
 30
0.0
 40
2.0
  0
MTEXT
  5
36E
330
17
100
AcDbEntity
  8
Оси
100
AcDbMText
 10
1038.0
 20
120.60255000000001
 30
0.0
 40
1.75
 71
5
  1
2
  7
ГОСТ тип Б
  0
LINE
  5
36F
330
17
100
AcDbEntity
  8
Оси
  6
CENTER
 48
2.4
100
AcDbLine
 10
1080.0
 20
168.89745
 30
0.0
 11
1080.0
 21
122.60255000000001
 31
0.0
  0
CIRCLE
  5
370
330
17
100
AcDbEntity
  8
Оси
100
AcDbCircle
 10
1080.0
 20
120.60255000000001
 30
0.0
 40
2.0
  0
MTEXT
  5
371
330
17
100
AcDbEntity
  8
Оси
100
AcDbMText
 10
1080.0
 20
120.60255000000001
 30
0.0
 40
1.75
 71
5
  1
3
  7
ГОСТ тип Б
  0
LINE
  5
372
330
17
100
AcDbEntity
  8
Оси
  6
CENTER
 48
2.4
100
AcDbLine
 10
1083.89745
 20
135.0
 30
0.0
 11
999.60255
 21
135.0
 31
0.0
  0
CIRCLE
  5
373
330
17
100
AcDbEntity
  8
Оси
100
AcDbCircle
 10
997.60255
 20
135.0
 30
0.0
 40
2.0
  0
MTEXT
  5
374
330
17
100
AcDbEntity
  8
Оси
100
AcDbMText
 10
997.60255
 20
135.0
 30
0.0
 40
1.75
 71
5
  1
А
  7
ГОСТ тип Б
  0
LINE
  5
375
330
17
100
AcDbEntity
  8
Оси
  6
CENTER
 48
2.4
100
AcDbLine
 10
1083.89745
 20
147.0
 30
0.0
 11
999.60255
 21
147.0
 31
0.0
  0
CIRCLE
  5
376
330
17
100
AcDbEntity
  8
Оси
100
AcDbCircle
 10
997.60255
 20
147.0
 30
0.0
 40
2.0
  0
MTEXT
  5
377
330
17
100
AcDbEntity
  8
Оси
100
AcDbMText
 10
997.60255
 20
147.0
 30
0.0
 40
1.75
 71
5
  1
Б
  7
ГОСТ тип Б
  0
LINE
  5
378
330
17
100
AcDbEntity
  8
Оси
  6
CENTER
 48
2.4
100
AcDbLine
 10
1083.89745
 20
165.0
 30
0.0
 11
999.60255
 21
165.0
 31
0.0
  0
CIRCLE
  5
379
330
17
100
AcDbEntity
  8
Оси
100
AcDbCircle
 10
997.60255
 20
165.0
 30
0.0
 40
2.0
  0
MTEXT
  5
37A
330
17
100
AcDbEntity
  8
Оси
100
AcDbMText
 10
997.60255
 20
165.0
 30
0.0
 40
1.75
 71
5
  1
В
  7
ГОСТ тип Б
  0
DIMENSION
  5
37B
330
17
100
AcDbEntity
  8
Размеры
100
AcDbDimension
280
0
  2
*D27
  3
М1-500
 10
1020.0
 20
128.60255
 30
0.0
 11
1029.0
 21
129.62755
 31
0.0
 70
32
 71
5
  1
<>
100
AcDbAlignedDimension
 13
1020.0
 23
131.10255
 33
0.0
 14
1038.0
 24
131.10255
 34
0.0
 50
0.0
100
AcDbRotatedDimension
  0
DIMENSION
  5
38A
330
17
100
AcDbEntity
  8
Размеры
100
AcDbDimension
280
0
  2
*D28
  3
М1-500
 10
1038.0
 20
128.60255
 30
0.0
 11
1059.0
 21
129.62755
 31
0.0
 70
32
 71
5
  1
<>
100
AcDbAlignedDimension
 13
1038.0
 23
131.10255
 33
0.0
 14
1080.0
 24
131.10255
 34
0.0
 50
0.0
100
AcDbRotatedDimension
  0
DIMENSION
  5
399
330
17
100
AcDbEntity
  8
Размеры
100
AcDbDimension
280
0
  2
*D29
  3
М1-500
 10
1020.0
 20
125.60255000000001
 30
0.0
 11
1050.0
 21
126.62755000000001
 31
0.0
 70
32
 71
5
  1
<>
100
AcDbAlignedDimension
 13
1020.0
 23
131.10255
 33
0.0
 14
1080.0
 24
131.10255
 34
0.0
 50
0.0
100
AcDbRotatedDimension
  0
DIMENSION
  5
3A8
330
17
100
AcDbEntity
  8
Размеры
100
AcDbDimension
280
0
  2
*D30
  3
М1-500
 10
1018.6
 20
171.39745
 30
0.0
 11
1050.0
 21
172.42245
 31
0.0
 70
32
 71
5
  1
<>
100
AcDbAlignedDimension
 13
1018.6
 23
166.4
 33
0.0
 14
1081.4
 24
166.4
 34
0.0
 50
0.0
100
AcDbRotatedDimension
  0
DIMENSION
  5
3B7
330
17
100
AcDbEntity
  8
Размеры
100
AcDbDimension
280
0
  2
*D31
  3
М1-500
 10
1017.10255
 20
174.39745
 30
0.0
 11
1050.0
 21
175.42245
 31
0.0
 70
32
 71
5
  1
<>
100
AcDbAlignedDimension
 13
1017.10255
 23
167.89745
 33
0.0
 14
1082.89745
 24
167.89745
 34
0.0
 50
0.0
100
AcDbRotatedDimension
  0
DIMENSION
  5
3C6
330
17
100
AcDbEntity
  8
Размеры
100
AcDbDimension
280
0
  2
*D32
  3
М1-500
 10
1013.60255
 20
135.0
 30
0.0
 11
1012.57755
 21
141.0
 31
0.0
 70
32
 71
5
  1
<>
100
AcDbAlignedDimension
 13
1016.10255
 23
135.0
 33
0.0
 14
1016.10255
 24
147.0
 34
0.0
 50
90.0
100
AcDbRotatedDimension
  0
DIMENSION
  5
3D5
330
17
100
AcDbEntity
  8
Размеры
100
AcDbDimension
280
0
  2
*D33
  3
М1-500
 10
1013.60255
 20
147.0
 30
0.0
 11
1012.57755
 21
156.0
 31
0.0
 70
32
 71
5
  1
<>
100
AcDbAlignedDimension
 13
1016.10255
 23
147.0
 33
0.0
 14
1016.10255
 24
165.0
 34
0.0
 50
90.0
100
AcDbRotatedDimension
  0
DIMENSION
  5
3E4
330
17
100
AcDbEntity
  8
Размеры
100
AcDbDimension
280
0
  2
*D34
  3
М1-500
 10
1010.60255
 20
135.0
 30
0.0
 11
1009.57755
 21
150.0
 31
0.0
 70
32
 71
5
  1
<>
100
AcDbAlignedDimension
 13
1016.10255
 23
135.0
 33
0.0
 14
1016.10255
 24
165.0
 34
0.0
 50
90.0
100
AcDbRotatedDimension
  0
DIMENSION
  5
3F3
330
17
100
AcDbEntity
  8
Размеры
100
AcDbDimension
280
0
  2
*D35
  3
М1-500
 10
1006.10255
 20
133.6
 30
0.0
 11
1005.07755
 21
150.0
 31
0.0
 70
32
 71
5
  1
<>
100
AcDbAlignedDimension
 13
1018.6
 23
133.6
 33
0.0
 14
1018.6
 24
166.4
 34
0.0
 50
90.0
100
AcDbRotatedDimension
  0
DIMENSION
  5
402
330
17
100
AcDbEntity
  8
Размеры
100
AcDbDimension
280
0
  2
*D36
  3
М1-500
 10
1002.60255
 20
132.10255
 30
0.0
 11
1001.57755
 21
150.0
 31
0.0
 70
32
 71
5
  1
<>
100
AcDbAlignedDimension
 13
1017.10255
 23
132.10255
 33
0.0
 14
1017.10255
 24
167.89745
 34
0.0
 50
90.0
100
AcDbRotatedDimension
  0
DIMENSION
  5
411
330
17
100
AcDbEntity
  8
Размеры
100
AcDbDimension
280
0
  2
*D37
  3
М1-500
 10
1081.4
 20
162.39712085
 30
0.0
 11
1092.575
 21
163.42212085
 31
0.0
 70
32
 71
5
  1
<>
100
AcDbAlignedDimension
 13
1081.4
 23
157.5
 33
0.0
 14
1103.75
 24
157.5
 34
0.0
 50
0.0
100
AcDbRotatedDimension
  0
DIMENSION
  5
420
330
17
100
AcDbEntity
  8
Размеры
100
AcDbDimension
280
0
  2
*D38
  3
М1-500
 10
1106.75
 20
154.5
 30
0.0
 11
1105.725
 21
156.0
 31
0.0
 70
32
 71
5
  1
<>
100
AcDbAlignedDimension
 13
1103.75
 23
154.5
 33
0.0
 14
1103.75
 24
157.5
 34
0.0
 50
90.0
100
AcDbRotatedDimension
  0
MTEXT
  5
42F
330
17
100
AcDbEntity
  8
Надписи
100
AcDbMText
 10
1094.575
 20
150.10287915
 30
0.0
 40
1.25
 71
5
  1
Пандус, i = 0,1
  7
ГОСТ тип Б
 45
1.2
 90
3
 63
0
  0
MTEXT
  5
430
330
17
100
AcDbEntity
  8
Надписи
100
AcDbMText
 10
1050.0
 20
156.0
 30
0.0
 40
1.75
 71
5
  1
Котлован
  7
ГОСТ тип Б
 45
1.2
 90
3
 63
0
  0
MTEXT
  5
431
330
17
100
AcDbEntity
  8
Надписи
100
AcDbMText
 10
1050.0
 20
151.5
 30
0.0
 40
1.25
 71
5
  1
подошва: hк = 2,235 м от естественной поверхности
  7
ГОСТ тип Б
 45
1.2
 90
3
 63
0
  0
MTEXT
  5
432
330
17
100
AcDbEntity
  8
Надписи
100
AcDbMText
 10
1029.0
 20
141.0
 30
0.0
 40
1.0
 71
5
  1
контур здания\P(наружная\Pгрань стен)
  7
ГОСТ тип Б
 45
1.2
 90
3
 63
0
  0
LWPOLYLINE
  5
433
330
17
100
AcDbEntity
  8
Конструкции
100
AcDbPolyline
 90
2
 70
0
 43
0.35
 10
1025.0
 20
131.70255
 10
1025.0
 20
129.70255
  0
LWPOLYLINE
  5
434
330
17
100
AcDbEntity
  8
Конструкции
100
AcDbPolyline
 90
3
 70
0
 10
1025.0
 20
129.70255
 10
1023.2
 20
129.70255
 10
1022.0
 20
129.70255
  0
LWPOLYLINE
  5
435
330
17
100
AcDbEntity
  8
Конструкции
100
AcDbPolyline
 90
2
 70
0
 10
1023.2
 20
129.70255
 40
0.9
 41
0.0
 10
1022.0
 20
129.70255
  0
MTEXT
  5
436
330
17
100
AcDbEntity
  8
Надписи
100
AcDbMText
 10
1020.6
 20
129.70255
 30
0.0
 40
1.75
 71
5
  1
1
  7
ГОСТ тип Б
  0
LWPOLYLINE
  5
437
330
17
100
AcDbEntity
  8
Конструкции
100
AcDbPolyline
 90
2
 70
0
 43
0.35
 10
1025.0
 20
168.29745
 10
1025.0
 20
170.29745
  0
LWPOLYLINE
  5
438
330
17
100
AcDbEntity
  8
Конструкции
100
AcDbPolyline
 90
3
 70
0
 10
1025.0
 20
170.29745
 10
1023.2
 20
170.29745
 10
1022.0
 20
170.29745
  0
LWPOLYLINE
  5
439
330
17
100
AcDbEntity
  8
Конструкции
100
AcDbPolyline
 90
2
 70
0
 10
1023.2
 20
170.29745
 40
0.9
 41
0.0
 10
1022.0
 20
170.29745
  0
MTEXT
  5
43A
330
17
100
AcDbEntity
  8
Надписи
100
AcDbMText
 10
1020.6
 20
170.29745
 30
0.0
 40
1.75
 71
5
  1
1
  7
ГОСТ тип Б
  0
LWPOLYLINE
  5
43B
330
17
100
AcDbEntity
  8
Котлован
370
50
100
AcDbPolyline
 90
4
 70
0
 10
1994.8
 20
0.0
 10
1997.10255
 20
0.0
 10
1998.6
 20
-2.235
 10
2001.0
 20
-2.235
  0
HATCH
  5
43C
330
17
100
AcDbEntity
  8
Штриховка
 62
8
100
AcDbHatch
 10
0.0
 20
0.0
 30
0.0
210
0.0
220
0.0
230
1.0
  2
ANSI31
 70
0
 71
0
 91
1
 92
3
 72
0
 73
1
 93
8
 10
1994.8
 20
0.0
 10
1997.10255
 20
0.0
 10
1998.6
 20
-2.235
 10
2001.0
 20
-2.235
 10
2001.0
 20
-2.385
 10
1998.5
 20
-2.385
 10
1996.98255
 20
-0.15
 10
1994.8
 20
-0.15
 97
0
 75
1
 76
1
 52
90.0
 41
0.03
 77
0
 78
1
 53
135.0
 43
0.0
 44
0.0
 45
-0.0673519209
 46
-0.0673519209
 79
0
 98
0
  0
LWPOLYLINE
  5
43D
330
17
100
AcDbEntity
  8
Конструкции
370
25
100
AcDbPolyline
 90
4
 70
1
 10
1998.6
 20
-2.235
 10
2001.0
 20
-2.235
 10
2001.0
 20
-2.135
 10
1998.6
 20
-2.135
  0
HATCH
  5
43E
330
17
100
AcDbEntity
  8
Штриховка
 62
8
100
AcDbHatch
 10
0.0
 20
0.0
 30
0.0
210
0.0
220
0.0
230
1.0
  2
ANSI37
 70
0
 71
0
 91
1
 92
3
 72
0
 73
1
 93
4
 10
1998.6
 20
-2.235
 10
2001.0
 20
-2.235
 10
2001.0
 20
-2.135
 10
1998.6
 20
-2.135
 97
0
 75
1
 76
1
 52
0.0
 41
0.02
 77
0
 78
2
 53
45.0
 43
0.0
 44
0.0
 45
-0.0449012806
 46
0.0449012806
 79
0
 53
135.0
 43
0.0
 44
0.0
 45
-0.0449012806
 46
-0.0449012806
 79
0
 98
0
  0
LWPOLYLINE
  5
43F
330
17
100
AcDbEntity
  8
Конструкции
370
25
100
AcDbPolyline
 90
4
 70
1
 10
1999.1
 20
-2.135
 10
2001.0
 20
-2.135
 10
2001.0
 20
-1.9849999999999999
 10
1999.1
 20
-1.9849999999999999
  0
HATCH
  5
440
330
17
100
AcDbEntity
  8
Штриховка
 62
8
100
AcDbHatch
 10
0.0
 20
0.0
 30
0.0
210
0.0
220
0.0
230
1.0
  2
ANSI31
 70
0
 71
0
 91
1
 92
3
 72
0
 73
1
 93
4
 10
1999.1
 20
-2.135
 10
2001.0
 20
-2.135
 10
2001.0
 20
-1.9849999999999999
 10
1999.1
 20
-1.9849999999999999
 97
0
 75
1
 76
1
 52
90.0
 41
0.02
 77
0
 78
1
 53
135.0
 43
0.0
 44
0.0
 45
-0.0449012806
 46
-0.0449012806
 79
0
 98
0
  0
LWPOLYLINE
  5
441
330
17
100
AcDbEntity
  8
Конструкции
370
50
100
AcDbPolyline
 90
4
 70
1
 10
1999.3
 20
-1.9849999999999999
 10
2001.0
 20
-1.9849999999999999
 10
2001.0
 20
-1.585
 10
1999.3
 20
-1.585
  0
HATCH
  5
442
330
17
100
AcDbEntity
  8
Штриховка
 62
8
100
AcDbHatch
 10
0.0
 20
0.0
 30
0.0
210
0.0
220
0.0
230
1.0
  2
ANSI31
 70
0
 71
0
 91
1
 92
3
 72
0
 73
1
 93
4
 10
1999.3
 20
-1.9849999999999999
 10
2001.0
 20
-1.9849999999999999
 10
2001.0
 20
-1.585
 10
1999.3
 20
-1.585
 97
0
 75
1
 76
1
 52
0.0
 41
0.025
 77
0
 78
1
 53
45.0
 43
0.0
 44
0.0
 45
-0.0561266008
 46
0.0561266008
 79
0
 98
0
  0
LWPOLYLINE
  5
443
330
17
100
AcDbEntity
  8
Конструкции
370
50
100
AcDbPolyline
 90
4
 70
1
 10
1999.8
 20
-1.585
 10
2000.2
 20
-1.585
 10
2000.2
 20
0.35
 10
1999.8
 20
0.35
  0
HATCH
  5
444
330
17
100
AcDbEntity
  8
Штриховка
 62
8
100
AcDbHatch
 10
0.0
 20
0.0
 30
0.0
210
0.0
220
0.0
230
1.0
  2
ANSI31
 70
0
 71
0
 91
1
 92
3
 72
0
 73
1
 93
4
 10
1999.8
 20
-1.585
 10
2000.2
 20
-1.585
 10
2000.2
 20
0.35
 10
1999.8
 20
0.35
 97
0
 75
1
 76
1
 52
0.0
 41
0.025
 77
0
 78
1
 53
45.0
 43
0.0
 44
0.0
 45
-0.0561266008
 46
0.0561266008
 79
0
 98
0
  0
LINE
  5
445
330
17
100
AcDbEntity
  8
Конструкции
370
35
100
AcDbLine
 10
1999.1
 20
-1.9729999999999999
 30
0.0
 11
2001.0
 21
-1.9729999999999999
 31
0.0
  0
LWPOLYLINE
  5
446
330
17
100
AcDbEntity
  8
Конструкции
370
18
100
AcDbPolyline
 90
6
 70
0
 10
2001.0
 20
-2.485
 10
2001.0
 20
-1.845
 10
2001.08
 20
-1.805
 10
2000.92
 20
-1.765
 10
2001.0
 20
-1.7249999999999999
 10
2001.0
 20
-1.435
  0
LINE
  5
447
330
17
100
AcDbEntity
  8
Оси
  6
CENTER
 48
0.24
100
AcDbLine
 10
2000.0
 20
-2.585
 30
0.0
 11
2000.0
 21
0.6499999999999999
 31
0.0
  0
CIRCLE
  5
448
330
17
100
AcDbEntity
  8
Оси
100
AcDbCircle
 10
2000.0
 20
0.8499999999999999
 30
0.0
 40
0.2
  0
MTEXT
  5
449
330
17
100
AcDbEntity
  8
Оси
100
AcDbMText
 10
2000.0
 20
0.8499999999999999
 30
0.0
 40
0.17500000000000002
 71
5
  1
А
  7
ГОСТ тип Б
  0
LINE
  5
44A
330
17
100
AcDbEntity
  8
Котлован_низ
  6
DASHED
 48
0.2
100
AcDbLine
 10
1994.8
 20
0.165
 30
0.0
 11
2001.6
 21
0.165
 31
0.0
  0
MTEXT
  5
44B
330
17
100
AcDbEntity
  8
Надписи
100
AcDbMText
 10
1994.85
 20
0.225
 30
0.0
 40
0.1
 71
7
  1
проектная поверхность планировки (насыпь +0,165)
  7
ГОСТ тип Б
 45
1.2
 90
3
 63
0
  0
MTEXT
  5
44C
330
17
100
AcDbEntity
  8
Надписи
100
AcDbMText
 10
1994.85
 20
-0.06
 30
0.0
 40
0.1
 71
1
  1
естественная поверхность
  7
ГОСТ тип Б
 45
1.2
 90
3
 63
0
  0
MTEXT
  5
44D
330
17
100
AcDbEntity
  8
Надписи
100
AcDbMText
 10
1997.501275
 20
-1.1175
 30
0.0
 40
0.125
 71
5
  1
1:0,67
  7
ГОСТ тип Б
 50
-56.2
 45
1.2
 90
3
 63
0
  0
MTEXT
  5
44E
330
17
100
AcDbEntity
  8
Надписи
100
AcDbMText
 10
1998.95
 20
-0.9
 30
0.0
 40
0.125
 71
5
  1
обратная\Pзасыпка
  7
ГОСТ тип Б
 45
1.2
 90
3
 63
0
  0
DIMENSION
  5
44F
330
17
100
AcDbEntity
  8
Размеры
100
AcDbDimension
280
0
  2
*D39
  3
М1-50
 10
1997.10255
 20
-2.735
 30
0.0
 11
1997.851275
 21
-2.6325
 31
0.0
 70
32
 71
5
  1
<>
100
AcDbAlignedDimension
 13
1997.10255
 23
0.0
 33
0.0
 14
1998.6
 24
-2.235
 34
0.0
 50
0.0
100
AcDbRotatedDimension
1001
ACAD
1000
DSTYLE
1002
{
1070
77
1070
1
1002
}
  0
DIMENSION
  5
45E
330
17
100
AcDbEntity
  8
Размеры
100
AcDbDimension
280
0
  2
*D40
  3
М1-50
 10
1998.6
 20
-2.735
 30
0.0
 11
1998.85
 21
-2.6325
 31
0.0
 70
32
 71
5
  1
<>
100
AcDbAlignedDimension
 13
1998.6
 23
-2.235
 33
0.0
 14
1999.1
 24
-2.235
 34
0.0
 50
0.0
100
AcDbRotatedDimension
1001
ACAD
1000
DSTYLE
1002
{
1070
77
1070
1
1002
}
  0
DIMENSION
  5
46D
330
17
100
AcDbEntity
  8
Размеры
100
AcDbDimension
280
0
  2
*D41
  3
М1-50
 10
1999.1
 20
-2.735
 30
0.0
 11
1999.1999999999998
 21
-2.6325
 31
0.0
 70
32
 71
5
  1
<>
100
AcDbAlignedDimension
 13
1999.1
 23
-2.235
 33
0.0
 14
1999.3
 24
-2.235
 34
0.0
 50
0.0
100
AcDbRotatedDimension
1001
ACAD
1000
DSTYLE
1002
{
1070
77
1070
1
1002
}
  0
DIMENSION
  5
47C
330
17
100
AcDbEntity
  8
Размеры
100
AcDbDimension
280
0
  2
*D42
  3
М1-50
 10
1999.3
 20
-2.735
 30
0.0
 11
1999.55
 21
-2.6325
 31
0.0
 70
32
 71
5
  1
<>
100
AcDbAlignedDimension
 13
1999.3
 23
-2.235
 33
0.0
 14
1999.8
 24
-2.235
 34
0.0
 50
0.0
100
AcDbRotatedDimension
1001
ACAD
1000
DSTYLE
1002
{
1070
77
1070
1
1002
}
  0
DIMENSION
  5
48B
330
17
100
AcDbEntity
  8
Размеры
100
AcDbDimension
280
0
  2
*D43
  3
М1-50
 10
1999.8
 20
-2.735
 30
0.0
 11
1999.9
 21
-2.6325
 31
0.0
 70
32
 71
5
  1
<>
100
AcDbAlignedDimension
 13
1999.8
 23
-2.235
 33
0.0
 14
2000.0
 24
-2.235
 34
0.0
 50
0.0
100
AcDbRotatedDimension
1001
ACAD
1000
DSTYLE
1002
{
1070
77
1070
1
1002
}
  0
DIMENSION
  5
49A
330
17
100
AcDbEntity
  8
Размеры
100
AcDbDimension
280
0
  2
*D44
  3
М1-50
 10
1997.10255
 20
-3.085
 30
0.0
 11
1998.551275
 21
-2.9825
 31
0.0
 70
32
 71
5
  1
<>
100
AcDbAlignedDimension
 13
1997.10255
 23
0.0
 33
0.0
 14
2000.0
 24
-2.235
 34
0.0
 50
0.0
100
AcDbRotatedDimension
  0
DIMENSION
  5
4A9
330
17
100
AcDbEntity
  8
Размеры
100
AcDbDimension
280
0
  2
*D45
  3
М1-50
 10
1995.7
 20
-2.235
 30
0.0
 11
1995.5975
 21
-1.1175
 31
0.0
 70
32
 71
5
  1
<>
100
AcDbAlignedDimension
 13
1998.6
 23
-2.235
 33
0.0
 14
1997.10255
 24
0.0
 34
0.0
 50
90.0
100
AcDbRotatedDimension
  0
DIMENSION
  5
4B8
330
17
100
AcDbEntity
  8
Размеры
100
AcDbDimension
280
0
  2
*D46
  3
М1-50
 10
1995.2
 20
-2.235
 30
0.0
 11
1995.0975
 21
-1.035
 31
0.0
 70
32
 71
5
  1
<>
100
AcDbAlignedDimension
 13
1998.6
 23
-2.235
 33
0.0
 14
1994.8
 24
0.165
 34
0.0
 50
90.0
100
AcDbRotatedDimension
  0
MTEXT
  5
4C7
330
17
100
AcDbEntity
  8
Надписи
100
AcDbMText
 10
1995.52
 20
-1.5675
 30
0.0
 40
0.125
 71
5
  1
hк
  7
ГОСТ тип Б
 45
1.2
 90
3
 63
0
  0
MTEXT
  5
4C8
330
17
100
AcDbEntity
  8
Надписи
100
AcDbMText
 10
1995.02
 20
-1.5675
 30
0.0
 40
0.125
 71
5
  1
Нк
  7
ГОСТ тип Б
 45
1.2
 90
3
 63
0
  0
LINE
  5
4C9
330
17
100
AcDbEntity
  8
Надписи
100
AcDbLine
 10
2000.1
 20
0.04999999999999999
 30
0.0
 11
2001.9
 21
0.35
 31
0.0
  0
LINE
  5
4CA
330
17
100
AcDbEntity
  8
Надписи
100
AcDbLine
 10
2001.9
 20
0.35
 30
0.0
 11
2004.6
 21
0.35
 31
0.0
  0
MTEXT
  5
4CB
330
17
100
AcDbEntity
  8
Надписи
100
AcDbMText
 10
2001.95
 20
0.38
 30
0.0
 40
0.125
 71
7
  1
Стена подвала 400
  7
ГОСТ тип Б
  0
LINE
  5
4CC
330
17
100
AcDbEntity
  8
Надписи
100
AcDbLine
 10
2000.6
 20
-1.785
 30
0.0
 11
2001.9
 21
-0.030000000000000027
 31
0.0
  0
LINE
  5
4CD
330
17
100
AcDbEntity
  8
Надписи
100
AcDbLine
 10
2001.9
 20
-0.030000000000000027
 30
0.0
 11
2004.6
 21
-0.030000000000000027
 31
0.0
  0
MTEXT
  5
4CE
330
17
100
AcDbEntity
  8
Надписи
100
AcDbMText
 10
2001.95
 20
-2.7755575615628914e-17
 30
0.0
 40
0.125
 71
7
  1
Фундаментная плита 400
  7
ГОСТ тип Б
  0
LINE
  5
4CF
330
17
100
AcDbEntity
  8
Надписи
100
AcDbLine
 10
2000.75
 20
-1.9849999999999999
 30
0.0
 11
2001.9
 21
-0.41000000000000003
 31
0.0
  0
LINE
  5
4D0
330
17
100
AcDbEntity
  8
Надписи
100
AcDbLine
 10
2001.9
 20
-0.41000000000000003
 30
0.0
 11
2004.6
 21
-0.41000000000000003
 31
0.0
  0
MTEXT
  5
4D1
330
17
100
AcDbEntity
  8
Надписи
100
AcDbMText
 10
2001.95
 20
-0.38
 30
0.0
 40
0.125
 71
7
  1
Гидроизоляция, 2 слоя
  7
ГОСТ тип Б
  0
LINE
  5
4D2
330
17
100
AcDbEntity
  8
Надписи
100
AcDbLine
 10
2000.85
 20
-2.0599999999999996
 30
0.0
 11
2001.9
 21
-0.7900000000000001
 31
0.0
  0
LINE
  5
4D3
330
17
100
AcDbEntity
  8
Надписи
100
AcDbLine
 10
2001.9
 20
-0.7900000000000001
 30
0.0
 11
2004.6
 21
-0.7900000000000001
 31
0.0
  0
MTEXT
  5
4D4
330
17
100
AcDbEntity
  8
Надписи
100
AcDbMText
 10
2001.95
 20
-0.7600000000000001
 30
0.0
 40
0.125
 71
7
  1
Бетонная подготовка 150
  7
ГОСТ тип Б
  0
LINE
  5
4D5
330
17
100
AcDbEntity
  8
Надписи
100
AcDbLine
 10
2000.95
 20
-2.1849999999999996
 30
0.0
 11
2001.9
 21
-1.17
 31
0.0
  0
LINE
  5
4D6
330
17
100
AcDbEntity
  8
Надписи
100
AcDbLine
 10
2001.9
 20
-1.17
 30
0.0
 11
2004.6
 21
-1.17
 31
0.0
  0
MTEXT
  5
4D7
330
17
100
AcDbEntity
  8
Надписи
100
AcDbMText
 10
2001.95
 20
-1.14
 30
0.0
 40
0.125
 71
7
  1
Подсыпка (щебень) 100
  7
ГОСТ тип Б
  0
VIEWPORT
  5
244
330
1B
100
AcDbEntity
 67
1
  8
VIEWPORTS
100
AcDbViewport
 10
210.0
 20
148.5
 30
0.0
 40
462.00000000000006
 41
326.70000000000005
 68
1
 69
1
 12
210.0
 22
148.5
 13
0.0
 23
0.0
 14
10.0
 24
10.0
 15
10.0
 25
10.0
 16
0.0
 26
0.0
 36
1.0
 17
0.0
 27
0.0
 37
0.0
 42
50.0
 43
0.0
 44
0.0
 45
326.70000000000005
 50
0.0
 51
0.0
 72
100
 90
557088
  1

281
0
 71
0
 74
0
110
0.0
120
0.0
130
0.0
111
1.0
121
0.0
131
0.0
112
0.0
122
1.0
132
0.0
 79
0
146
0.0
282
0
  0
LWPOLYLINE
  5
245
330
1B
100
AcDbEntity
 67
1
  8
Видовой_экран
100
AcDbPolyline
 90
4
 70
1
 10
0.0
 20
0.0
 10
420.0
 20
0.0
 10
420.0
 20
297.0
 10
0.0
 20
297.0
  0
LWPOLYLINE
  5
246
330
1B
100
AcDbEntity
 67
1
  8
Рамка
100
AcDbPolyline
 90
4
 70
1
 10
20.0
 20
5.0
 10
415.0
 20
5.0
 10
415.0
 20
292.0
 10
20.0
 20
292.0
  0
LWPOLYLINE
  5
247
330
1B
100
AcDbEntity
 67
1
  8
Штамп
370
70
100
AcDbPolyline
 90
4
 70
1
 10
230.0
 20
5.0
 10
415.0
 20
5.0
 10
415.0
 20
60.0
 10
230.0
 20
60.0
  0
LINE
  5
248
330
1B
100
AcDbEntity
 67
1
  8
Штамп
370
25
100
AcDbLine
 10
240.0
 20
35.0
 30
0.0
 11
240.0
 21
60.0
 31
0.0
  0
LINE
  5
249
330
1B
100
AcDbEntity
 67
1
  8
Штамп
370
25
100
AcDbLine
 10
250.0
 20
5.0
 30
0.0
 11
250.0
 21
60.0
 31
0.0
  0
LINE
  5
24A
330
1B
100
AcDbEntity
 67
1
  8
Штамп
370
25
100
AcDbLine
 10
260.0
 20
35.0
 30
0.0
 11
260.0
 21
60.0
 31
0.0
  0
LINE
  5
24B
330
1B
100
AcDbEntity
 67
1
  8
Штамп
370
25
100
AcDbLine
 10
270.0
 20
5.0
 30
0.0
 11
270.0
 21
60.0
 31
0.0
  0
LINE
  5
24C
330
1B
100
AcDbEntity
 67
1
  8
Штамп
370
25
100
AcDbLine
 10
285.0
 20
5.0
 30
0.0
 11
285.0
 21
60.0
 31
0.0
  0
LINE
  5
24D
330
1B
100
AcDbEntity
 67
1
  8
Штамп
370
70
100
AcDbLine
 10
295.0
 20
5.0
 30
0.0
 11
295.0
 21
60.0
 31
0.0
  0
LINE
  5
24E
330
1B
100
AcDbEntity
 67
1
  8
Штамп
370
25
100
AcDbLine
 10
230.0
 20
10.0
 30
0.0
 11
295.0
 21
10.0
 31
0.0
  0
LINE
  5
24F
330
1B
100
AcDbEntity
 67
1
  8
Штамп
370
25
100
AcDbLine
 10
230.0
 20
15.0
 30
0.0
 11
295.0
 21
15.0
 31
0.0
  0
LINE
  5
250
330
1B
100
AcDbEntity
 67
1
  8
Штамп
370
25
100
AcDbLine
 10
230.0
 20
20.0
 30
0.0
 11
295.0
 21
20.0
 31
0.0
  0
LINE
  5
251
330
1B
100
AcDbEntity
 67
1
  8
Штамп
370
25
100
AcDbLine
 10
230.0
 20
25.0
 30
0.0
 11
295.0
 21
25.0
 31
0.0
  0
LINE
  5
252
330
1B
100
AcDbEntity
 67
1
  8
Штамп
370
25
100
AcDbLine
 10
230.0
 20
30.0
 30
0.0
 11
295.0
 21
30.0
 31
0.0
  0
LINE
  5
253
330
1B
100
AcDbEntity
 67
1
  8
Штамп
370
70
100
AcDbLine
 10
230.0
 20
35.0
 30
0.0
 11
295.0
 21
35.0
 31
0.0
  0
LINE
  5
254
330
1B
100
AcDbEntity
 67
1
  8
Штамп
370
70
100
AcDbLine
 10
230.0
 20
40.0
 30
0.0
 11
295.0
 21
40.0
 31
0.0
  0
LINE
  5
255
330
1B
100
AcDbEntity
 67
1
  8
Штамп
370
25
100
AcDbLine
 10
230.0
 20
45.0
 30
0.0
 11
295.0
 21
45.0
 31
0.0
  0
LINE
  5
256
330
1B
100
AcDbEntity
 67
1
  8
Штамп
370
25
100
AcDbLine
 10
230.0
 20
50.0
 30
0.0
 11
295.0
 21
50.0
 31
0.0
  0
LINE
  5
257
330
1B
100
AcDbEntity
 67
1
  8
Штамп
370
25
100
AcDbLine
 10
230.0
 20
55.0
 30
0.0
 11
295.0
 21
55.0
 31
0.0
  0
LINE
  5
258
330
1B
100
AcDbEntity
 67
1
  8
Штамп
370
70
100
AcDbLine
 10
295.0
 20
50.0
 30
0.0
 11
415.0
 21
50.0
 31
0.0
  0
LINE
  5
259
330
1B
100
AcDbEntity
 67
1
  8
Штамп
370
70
100
AcDbLine
 10
295.0
 20
35.0
 30
0.0
 11
415.0
 21
35.0
 31
0.0
  0
LINE
  5
25A
330
1B
100
AcDbEntity
 67
1
  8
Штамп
370
70
100
AcDbLine
 10
295.0
 20
20.0
 30
0.0
 11
415.0
 21
20.0
 31
0.0
  0
LINE
  5
25B
330
1B
100
AcDbEntity
 67
1
  8
Штамп
370
70
100
AcDbLine
 10
365.0
 20
5.0
 30
0.0
 11
365.0
 21
35.0
 31
0.0
  0
LINE
  5
25C
330
1B
100
AcDbEntity
 67
1
  8
Штамп
370
25
100
AcDbLine
 10
365.0
 20
30.0
 30
0.0
 11
415.0
 21
30.0
 31
0.0
  0
LINE
  5
25D
330
1B
100
AcDbEntity
 67
1
  8
Штамп
370
25
100
AcDbLine
 10
380.0
 20
20.0
 30
0.0
 11
380.0
 21
35.0
 31
0.0
  0
LINE
  5
25E
330
1B
100
AcDbEntity
 67
1
  8
Штамп
370
25
100
AcDbLine
 10
395.0
 20
20.0
 30
0.0
 11
395.0
 21
35.0
 31
0.0
  0
MTEXT
  5
25F
330
1B
100
AcDbEntity
 67
1
  8
Штамп
100
AcDbMText
 10
235.0
 20
37.5
 30
0.0
 40
2.0
 71
5
  1
\W0.8;Изм.
  7
ГОСТ тип Б
  0
MTEXT
  5
260
330
1B
100
AcDbEntity
 67
1
  8
Штамп
100
AcDbMText
 10
245.0
 20
37.5
 30
0.0
 40
2.0
 71
5
  1
\W0.8;Кол.уч.
  7
ГОСТ тип Б
  0
MTEXT
  5
261
330
1B
100
AcDbEntity
 67
1
  8
Штамп
100
AcDbMText
 10
255.0
 20
37.5
 30
0.0
 40
2.0
 71
5
  1
\W0.8;Лист
  7
ГОСТ тип Б
  0
MTEXT
  5
262
330
1B
100
AcDbEntity
 67
1
  8
Штамп
100
AcDbMText
 10
265.0
 20
37.5
 30
0.0
 40
2.0
 71
5
  1
\W0.8;№док.
  7
ГОСТ тип Б
  0
MTEXT
  5
263
330
1B
100
AcDbEntity
 67
1
  8
Штамп
100
AcDbMText
 10
277.5
 20
37.5
 30
0.0
 40
2.0
 71
5
  1
\W0.8;Подп.
  7
ГОСТ тип Б
  0
MTEXT
  5
264
330
1B
100
AcDbEntity
 67
1
  8
Штамп
100
AcDbMText
 10
290.0
 20
37.5
 30
0.0
 40
2.0
 71
5
  1
\W0.8;Дата
  7
ГОСТ тип Б
  0
MTEXT
  5
265
330
1B
100
AcDbEntity
 67
1
  8
Штамп
100
AcDbMText
 10
231.0
 20
32.5
 30
0.0
 40
2.0
 71
4
  1
\W0.8;Разработал
  7
ГОСТ тип Б
  0
MTEXT
  5
266
330
1B
100
AcDbEntity
 67
1
  8
Штамп
100
AcDbMText
 10
251.0
 20
32.5
 30
0.0
 40
2.0
 71
4
  1
\W0.8;Буев Д.Р.
  7
ГОСТ тип Б
  0
MTEXT
  5
267
330
1B
100
AcDbEntity
 67
1
  8
Штамп
100
AcDbMText
 10
231.0
 20
27.5
 30
0.0
 40
2.0
 71
4
  1
\W0.8;Проверил
  7
ГОСТ тип Б
  0
MTEXT
  5
268
330
1B
100
AcDbEntity
 67
1
  8
Штамп
100
AcDbMText
 10
251.0
 20
27.5
 30
0.0
 40
2.0
 71
4
  1
\W0.8;Забелина О.Б.
  7
ГОСТ тип Б
  0
MTEXT
  5
269
330
1B
100
AcDbEntity
 67
1
  8
Штамп
100
AcDbMText
 10
231.0
 20
22.5
 30
0.0
 40
2.0
 71
4
  1
\W0.8;Т. контр.
  7
ГОСТ тип Б
  0
MTEXT
  5
26A
330
1B
100
AcDbEntity
 67
1
  8
Штамп
100
AcDbMText
 10
251.0
 20
22.5
 30
0.0
 40
2.0
 71
4
  1
\W0.8;
  7
ГОСТ тип Б
  0
MTEXT
  5
26B
330
1B
100
AcDbEntity
 67
1
  8
Штамп
100
AcDbMText
 10
231.0
 20
17.5
 30
0.0
 40
2.0
 71
4
  1
\W0.8;
  7
ГОСТ тип Б
  0
MTEXT
  5
26C
330
1B
100
AcDbEntity
 67
1
  8
Штамп
100
AcDbMText
 10
251.0
 20
17.5
 30
0.0
 40
2.0
 71
4
  1
\W0.8;
  7
ГОСТ тип Б
  0
MTEXT
  5
26D
330
1B
100
AcDbEntity
 67
1
  8
Штамп
100
AcDbMText
 10
231.0
 20
12.5
 30
0.0
 40
2.0
 71
4
  1
\W0.8;Н. контр.
  7
ГОСТ тип Б
  0
MTEXT
  5
26E
330
1B
100
AcDbEntity
 67
1
  8
Штамп
100
AcDbMText
 10
251.0
 20
12.5
 30
0.0
 40
2.0
 71
4
  1
\W0.8;
  7
ГОСТ тип Б
  0
MTEXT
  5
26F
330
1B
100
AcDbEntity
 67
1
  8
Штамп
100
AcDbMText
 10
231.0
 20
7.5
 30
0.0
 40
2.0
 71
4
  1
\W0.8;Утв.
  7
ГОСТ тип Б
  0
MTEXT
  5
270
330
1B
100
AcDbEntity
 67
1
  8
Штамп
100
AcDbMText
 10
251.0
 20
7.5
 30
0.0
 40
2.0
 71
4
  1
\W0.8;
  7
ГОСТ тип Б
  0
MTEXT
  5
271
330
1B
100
AcDbEntity
 67
1
  8
Штамп
100
AcDbMText
 10
355.0
 20
55.0
 30
0.0
 40
3.5
 71
5
  1
НИУ МГСУ 08.05.01 - КР - 2026
  7
ГОСТ тип Б
  0
MTEXT
  5
272
330
1B
100
AcDbEntity
 67
1
  8
Штамп
100
AcDbMText
 10
355.0
 20
42.5
 30
0.0
 40
2.5
 41
115.0
 71
5
  1
Разработка технологической карты на производство\Pземляных работ. Вариант 2, грунт - супесь
  7
ГОСТ тип Б
  0
MTEXT
  5
273
330
1B
100
AcDbEntity
 67
1
  8
Штамп
100
AcDbMText
 10
330.0
 20
27.5
 30
0.0
 40
2.5
 41
66.0
 71
5
  1
Графическая часть\Pкурсовой работы
  7
ГОСТ тип Б
  0
MTEXT
  5
274
330
1B
100
AcDbEntity
 67
1
  8
Штамп
100
AcDbMText
 10
372.5
 20
32.5
 30
0.0
 40
2.0
 71
5
  1
\W0.8;Стадия
  7
ГОСТ тип Б
  0
MTEXT
  5
275
330
1B
100
AcDbEntity
 67
1
  8
Штамп
100
AcDbMText
 10
387.5
 20
32.5
 30
0.0
 40
2.0
 71
5
  1
\W0.8;Лист
  7
ГОСТ тип Б
  0
MTEXT
  5
276
330
1B
100
AcDbEntity
 67
1
  8
Штамп
100
AcDbMText
 10
405.0
 20
32.5
 30
0.0
 40
2.0
 71
5
  1
\W0.8;Листов
  7
ГОСТ тип Б
  0
MTEXT
  5
277
330
1B
100
AcDbEntity
 67
1
  8
Штамп
100
AcDbMText
 10
372.5
 20
25.0
 30
0.0
 40
3.0
 71
5
  1
У
  7
ГОСТ тип Б
  0
MTEXT
  5
278
330
1B
100
AcDbEntity
 67
1
  8
Штамп
100
AcDbMText
 10
387.5
 20
25.0
 30
0.0
 40
3.0
 71
5
  1
1
  7
ГОСТ тип Б
  0
MTEXT
  5
279
330
1B
100
AcDbEntity
 67
1
  8
Штамп
100
AcDbMText
 10
405.0
 20
25.0
 30
0.0
 40
3.0
 71
5
  1
2
  7
ГОСТ тип Б
  0
MTEXT
  5
27A
330
1B
100
AcDbEntity
 67
1
  8
Штамп
100
AcDbMText
 10
330.0
 20
12.5
 30
0.0
 40
2.5
 41
68.0
 71
5
  1
План строительной площадки\Pс рабочими отметками,\PЛНР и котлованом М 1:2000
  7
ГОСТ тип Б
  0
MTEXT
  5
27B
330
1B
100
AcDbEntity
 67
1
  8
Штамп
100
AcDbMText
 10
390.0
 20
12.5
 30
0.0
 40
2.0
 41
48.0
 71
5
  1
Кафедра технологий\Pи организации строительного\Pпроизводства
  7
ГОСТ тип Б
  0
MTEXT
  5
27C
330
1B
100
AcDbEntity
 67
1
  8
Надписи
100
AcDbMText
 10
217.5
 20
283.0
 30
0.0
 40
5.0
 71
5
  1
\W0.8;План строительной площадки с рабочими отметками, линией нулевых работ и котлованом  М 1:2000
  7
ГОСТ тип Б
  0
VIEWPORT
  5
27D
330
1B
100
AcDbEntity
 67
1
  8
Видовой_экран
100
AcDbViewport
 10
217.5
 20
164.5
 30
0.0
 40
279.0
 41
185.0
 68
2
 69
3
 12
245.0
 22
141.0
 13
0.0
 23
0.0
 14
10.0
 24
10.0
 15
10.0
 25
10.0
 16
0.0
 26
0.0
 36
1.0
 17
0.0
 27
0.0
 37
0.0
 42
50.0
 43
0.0
 44
0.0
 45
370.0
 50
0.0
 51
0.0
 72
100
 90
16384
  1

281
0
 71
0
 74
0
110
0.0
120
0.0
130
0.0
111
1.0
121
0.0
131
0.0
112
0.0
122
1.0
132
0.0
 79
0
146
0.0
282
0
  0
MTEXT
  5
27E
330
1B
100
AcDbEntity
 67
1
  8
Надписи
100
AcDbMText
 10
26.0
 20
64.0
 30
0.0
 40
3.0
 71
7
  1
\W0.8;Условные обозначения
  7
ГОСТ тип Б
  0
LWPOLYLINE
  5
27F
330
1B
100
AcDbEntity
 67
1
  8
ЛНР
100
AcDbPolyline
 90
2
 70
0
 43
0.6
 10
26.0
 20
57.0
 10
40.0
 20
57.0
  0
MTEXT
  5
280
330
1B
100
AcDbEntity
 67
1
  8
Надписи
100
AcDbMText
 10
43.0
 20
57.0
 30
0.0
 40
2.5
 71
4
  1
\W0.8;- линия нулевых работ (ЛНР)
  7
ГОСТ тип Б
  0
LWPOLYLINE
  5
281
330
1B
100
AcDbEntity
 67
1
  8
Сетка
100
AcDbPolyline
 90
4
 70
1
 10
26.0
 20
47.0
 10
40.0
 20
47.0
 10
40.0
 20
52.0
 10
26.0
 20
52.0
  0
HATCH
  5
282
330
1B
100
AcDbEntity
 67
1
  8
ПВ_штриховка
 62
8
100
AcDbHatch
 10
0.0
 20
0.0
 30
0.0
210
0.0
220
0.0
230
1.0
  2
ANSI31
 70
0
 71
0
 91
1
 92
3
 72
0
 73
1
 93
4
 10
26.0
 20
47.0
 10
40.0
 20
47.0
 10
40.0
 20
52.0
 10
26.0
 20
52.0
 97
0
 75
1
 76
1
 52
0.0
 41
1.2
 77
0
 78
1
 53
45.0
 43
0.0
 44
0.0
 45
-2.6940768364
 46
2.6940768364
 79
0
 98
0
  0
MTEXT
  5
283
330
1B
100
AcDbEntity
 67
1
  8
Надписи
100
AcDbMText
 10
43.0
 20
49.5
 30
0.0
 40
2.5
 71
4
  1
\W0.8;- ПВ - планировочная выемка
  7
ГОСТ тип Б
  0
LWPOLYLINE
  5
284
330
1B
100
AcDbEntity
 67
1
  8
Сетка
100
AcDbPolyline
 90
4
 70
1
 10
26.0
 20
39.5
 10
40.0
 20
39.5
 10
40.0
 20
44.5
 10
26.0
 20
44.5
  0
MTEXT
  5
285
330
1B
100
AcDbEntity
 67
1
  8
Надписи
100
AcDbMText
 10
43.0
 20
42.0
 30
0.0
 40
2.5
 71
4
  1
\W0.8;- ПН - планировочная насыпь
  7
ГОСТ тип Б
  0
CIRCLE
  5
286
330
1B
100
AcDbEntity
 67
1
  8
Отметки
100
AcDbCircle
 10
27.0
 20
33.0
 30
0.0
 40
0.5
  0
MTEXT
  5
287
330
1B
100
AcDbEntity
 67
1
  8
Отметки
100
AcDbMText
 10
28.0
 20
33.5
 30
0.0
 40
2.5
 71
7
  1
\W0.8;+0,15
  7
ГОСТ тип Б
  0
MTEXT
  5
288
330
1B
100
AcDbEntity
 67
1
  8
Надписи
100
AcDbMText
 10
43.0
 20
34.5
 30
0.0
 40
2.5
 71
4
  1
\W0.8;- рабочая отметка, м (+ насыпь, - выемка)
  7
ГОСТ тип Б
  0
MTEXT
  5
289
330
1B
100
AcDbEntity
 67
1
  8
Номера_фигур
100
AcDbMText
 10
33.0
 20
27.0
 30
0.0
 40
3.5
 71
5
  1
7'
  7
ГОСТ тип Б
  0
MTEXT
  5
28A
330
1B
100
AcDbEntity
 67
1
  8
Надписи
100
AcDbMText
 10
43.0
 20
27.0
 30
0.0
 40
2.5
 71
4
  1
\W0.8;- номер фигуры; со штрихом - насыпная часть квадрата
  7
ГОСТ тип Б
  0
LINE
  5
28B
330
1B
100
AcDbEntity
 67
1
  8
Размеры
100
AcDbLine
 10
26.0
 20
18.0
 30
0.0
 11
40.0
 21
18.0
 31
0.0
  0
LINE
  5
28C
330
1B
100
AcDbEntity
 67
1
  8
Размеры
100
AcDbLine
 10
25.1
 20
17.1
 30
0.0
 11
26.9
 21
18.9
 31
0.0
  0
LINE
  5
28D
330
1B
100
AcDbEntity
 67
1
  8
Размеры
100
AcDbLine
 10
39.1
 20
17.1
 30
0.0
 11
40.9
 21
18.9
 31
0.0
  0
MTEXT
  5
28E
330
1B
100
AcDbEntity
 67
1
  8
Размеры
100
AcDbMText
 10
33.0
 20
18.8
 30
0.0
 40
2.5
 71
8
  1
\W0.8;37,5
  7
ГОСТ тип Б
  0
MTEXT
  5
28F
330
1B
100
AcDbEntity
 67
1
  8
Надписи
100
AcDbMText
 10
43.0
 20
19.5
 30
0.0
 40
2.5
 71
4
  1
\W0.8;- расстояние до точки нулевых работ, м
  7
ГОСТ тип Б
  0
LWPOLYLINE
  5
290
330
1B
100
AcDbEntity
 67
1
  8
Котлован
100
AcDbPolyline
 90
4
 70
1
 10
26.0
 20
9.5
 10
40.0
 20
9.5
 10
40.0
 20
14.5
 10
26.0
 20
14.5
  0
LWPOLYLINE
  5
291
330
1B
100
AcDbEntity
 67
1
  8
Котлован_низ
100
AcDbPolyline
 90
4
 70
1
 10
26.8
 20
10.3
 10
39.2
 20
10.3
 10
39.2
 20
13.7
 10
26.8
 20
13.7
  0
MTEXT
  5
292
330
1B
100
AcDbEntity
 67
1
  8
Надписи
100
AcDbMText
 10
43.0
 20
12.0
 30
0.0
 40
2.5
 71
4
  1
\W0.8;- котлован: бровка и подошва (с пандусом)
  7
ГОСТ тип Б
  0
MTEXT
  5
293
330
1B
100
AcDbEntity
 67
1
  8
Надписи
100
AcDbMText
 10
128.0
 20
64.0
 30
0.0
 40
3.0
 71
7
  1
\W0.8;Объёмы планировочных работ
  7
ГОСТ тип Б
  0
LWPOLYLINE
  5
294
330
1B
100
AcDbEntity
 67
1
  8
Штамп
100
AcDbPolyline
 90
4
 70
1
 10
128.0
 20
61.0
 10
162.0
 20
61.0
 10
162.0
 20
54.0
 10
128.0
 20
54.0
  0
MTEXT
  5
295
330
1B
100
AcDbEntity
 67
1
  8
Надписи
100
AcDbMText
 10
129.5
 20
57.5
 30
0.0
 40
2.5
 71
4
  1
\W0.8;
  7
ГОСТ тип Б
  0
LWPOLYLINE
  5
296
330
1B
100
AcDbEntity
 67
1
  8
Штамп
100
AcDbPolyline
 90
4
 70
1
 10
162.0
 20
61.0
 10
194.0
 20
61.0
 10
194.0
 20
54.0
 10
162.0
 20
54.0
  0
MTEXT
  5
297
330
1B
100
AcDbEntity
 67
1
  8
Надписи
100
AcDbMText
 10
178.0
 20
57.5
 30
0.0
 40
2.5
 71
5
  1
\W0.8;F, м{\H0.6x;\A2;2}
  7
ГОСТ тип Б
  0
LWPOLYLINE
  5
298
330
1B
100
AcDbEntity
 67
1
  8
Штамп
100
AcDbPolyline
 90
4
 70
1
 10
194.0
 20
61.0
 10
224.0
 20
61.0
 10
224.0
 20
54.0
 10
194.0
 20
54.0
  0
MTEXT
  5
299
330
1B
100
AcDbEntity
 67
1
  8
Надписи
100
AcDbMText
 10
209.0
 20
57.5
 30
0.0
 40
2.5
 71
5
  1
\W0.8;V, м{\H0.6x;\A2;3}
  7
ГОСТ тип Б
  0
LWPOLYLINE
  5
29A
330
1B
100
AcDbEntity
 67
1
  8
Штамп
100
AcDbPolyline
 90
4
 70
1
 10
128.0
 20
54.0
 10
162.0
 20
54.0
 10
162.0
 20
47.0
 10
128.0
 20
47.0
  0
MTEXT
  5
29B
330
1B
100
AcDbEntity
 67
1
  8
Надписи
100
AcDbMText
 10
129.5
 20
50.5
 30
0.0
 40
2.5
 71
4
  1
\W0.8;Выемка ПВ
  7
ГОСТ тип Б
  0
LWPOLYLINE
  5
29C
330
1B
100
AcDbEntity
 67
1
  8
Штамп
100
AcDbPolyline
 90
4
 70
1
 10
162.0
 20
54.0
 10
194.0
 20
54.0
 10
194.0
 20
47.0
 10
162.0
 20
47.0
  0
MTEXT
  5
29D
330
1B
100
AcDbEntity
 67
1
  8
Надписи
100
AcDbMText
 10
178.0
 20
50.5
 30
0.0
 40
2.5
 71
5
  1
\W0.8;69 191,63
  7
ГОСТ тип Б
  0
LWPOLYLINE
  5
29E
330
1B
100
AcDbEntity
 67
1
  8
Штамп
100
AcDbPolyline
 90
4
 70
1
 10
194.0
 20
54.0
 10
224.0
 20
54.0
 10
224.0
 20
47.0
 10
194.0
 20
47.0
  0
MTEXT
  5
29F
330
1B
100
AcDbEntity
 67
1
  8
Надписи
100
AcDbMText
 10
209.0
 20
50.5
 30
0.0
 40
2.5
 71
5
  1
\W0.8;20 192,08
  7
ГОСТ тип Б
  0
LWPOLYLINE
  5
2A0
330
1B
100
AcDbEntity
 67
1
  8
Штамп
100
AcDbPolyline
 90
4
 70
1
 10
128.0
 20
47.0
 10
162.0
 20
47.0
 10
162.0
 20
40.0
 10
128.0
 20
40.0
  0
MTEXT
  5
2A1
330
1B
100
AcDbEntity
 67
1
  8
Надписи
100
AcDbMText
 10
129.5
 20
43.5
 30
0.0
 40
2.5
 71
4
  1
\W0.8;Насыпь ПН
  7
ГОСТ тип Б
  0
LWPOLYLINE
  5
2A2
330
1B
100
AcDbEntity
 67
1
  8
Штамп
100
AcDbPolyline
 90
4
 70
1
 10
162.0
 20
47.0
 10
194.0
 20
47.0
 10
194.0
 20
40.0
 10
162.0
 20
40.0
  0
MTEXT
  5
2A3
330
1B
100
AcDbEntity
 67
1
  8
Надписи
100
AcDbMText
 10
178.0
 20
43.5
 30
0.0
 40
2.5
 71
5
  1
\W0.8;80 808,37
  7
ГОСТ тип Б
  0
LWPOLYLINE
  5
2A4
330
1B
100
AcDbEntity
 67
1
  8
Штамп
100
AcDbPolyline
 90
4
 70
1
 10
194.0
 20
47.0
 10
224.0
 20
47.0
 10
224.0
 20
40.0
 10
194.0
 20
40.0
  0
MTEXT
  5
2A5
330
1B
100
AcDbEntity
 67
1
  8
Надписи
100
AcDbMText
 10
209.0
 20
43.5
 30
0.0
 40
2.5
 71
5
  1
\W0.8;33 522,02
  7
ГОСТ тип Б
  0
LWPOLYLINE
  5
2A6
330
1B
100
AcDbEntity
 67
1
  8
Штамп
100
AcDbPolyline
 90
4
 70
1
 10
128.0
 20
40.0
 10
162.0
 20
40.0
 10
162.0
 20
33.0
 10
128.0
 20
33.0
  0
MTEXT
  5
2A7
330
1B
100
AcDbEntity
 67
1
  8
Надписи
100
AcDbMText
 10
129.5
 20
36.5
 30
0.0
 40
2.5
 71
4
  1
\W0.8;ПН / Kор, Kор = 1,04
  7
ГОСТ тип Б
  0
LWPOLYLINE
  5
2A8
330
1B
100
AcDbEntity
 67
1
  8
Штамп
100
AcDbPolyline
 90
4
 70
1
 10
162.0
 20
40.0
 10
194.0
 20
40.0
 10
194.0
 20
33.0
 10
162.0
 20
33.0
  0
MTEXT
  5
2A9
330
1B
100
AcDbEntity
 67
1
  8
Надписи
100
AcDbMText
 10
178.0
 20
36.5
 30
0.0
 40
2.5
 71
5
  1
\W0.8;
  7
ГОСТ тип Б
  0
LWPOLYLINE
  5
2AA
330
1B
100
AcDbEntity
 67
1
  8
Штамп
100
AcDbPolyline
 90
4
 70
1
 10
194.0
 20
40.0
 10
224.0
 20
40.0
 10
224.0
 20
33.0
 10
194.0
 20
33.0
  0
MTEXT
  5
2AB
330
1B
100
AcDbEntity
 67
1
  8
Надписи
100
AcDbMText
 10
209.0
 20
36.5
 30
0.0
 40
2.5
 71
5
  1
\W0.8;32 232,71
  7
ГОСТ тип Б
  0
ENDSEC
  0
SECTION
  2
OBJECTS
  0
DICTIONARY
  5
A
330
0
100
AcDbDictionary
281
1
  3
ACAD_COLOR
350
B
  3
ACAD_GROUP
350
C
  3
ACAD_LAYOUT
350
D
  3
ACAD_MATERIAL
350
E
  3
ACAD_MLEADERSTYLE
350
F
  3
ACAD_MLINESTYLE
350
10
  3
ACAD_PLOTSETTINGS
350
11
  3
ACAD_PLOTSTYLENAME
350
12
  3
ACAD_SCALELIST
350
14
  3
ACAD_TABLESTYLE
350
15
  3
ACAD_VISUALSTYLE
350
16
  3
EZDXF_META
350
2D
  0
DICTIONARY
  5
B
330
A
100
AcDbDictionary
281
1
  0
DICTIONARY
  5
C
330
A
100
AcDbDictionary
281
1
  0
DICTIONARY
  5
D
330
A
100
AcDbDictionary
281
1
  3
Model
350
1A
  3
Лист 1
350
1E
  3
Лист 2
350
4DB
  0
DICTIONARY
  5
E
330
A
100
AcDbDictionary
281
1
  3
ByBlock
350
1F
  3
ByLayer
350
20
  3
Global
350
21
  0
DICTIONARY
  5
F
330
A
100
AcDbDictionary
281
1
  3
Standard
350
2C
  0
DICTIONARY
  5
10
330
A
100
AcDbDictionary
281
1
  3
Standard
350
22
  0
DICTIONARY
  5
11
330
A
100
AcDbDictionary
281
1
  0
ACDBDICTIONARYWDFLT
  5
12
330
A
100
AcDbDictionary
281
1
  3
Normal
350
13
100
AcDbDictionaryWithDefault
340
13
  0
ACDBPLACEHOLDER
  5
13
330
12
  0
DICTIONARY
  5
14
330
A
100
AcDbDictionary
281
1
  0
DICTIONARY
  5
15
330
A
100
AcDbDictionary
281
1
  0
DICTIONARY
  5
16
330
A
100
AcDbDictionary
281
1
  0
LAYOUT
  5
1A
330
D
100
AcDbPlotSettings
  1

  4
A3
  6

 40
7.5
 41
20.0
 42
7.5
 43
20.0
 44
420.0
 45
297.0
 46
0.0
 47
0.0
 48
0.0
 49
0.0
140
0.0
141
0.0
142
1.0
143
1.0
 70
1024
 72
1
 73
0
 74
5
  7

 75
16
 76
0
 77
2
 78
300
147
1.0
148
0.0
149
0.0
100
AcDbLayout
  1
Model
 70
1
 71
0
 10
0.0
 20
0.0
 11
420.0
 21
297.0
 12
0.0
 22
0.0
 32
0.0
 14
1e+20
 24
1e+20
 34
1e+20
 15
-1e+20
 25
-1e+20
 35
-1e+20
146
0.0
 13
0.0
 23
0.0
 33
0.0
 16
1.0
 26
0.0
 36
0.0
 17
0.0
 27
1.0
 37
0.0
 76
1
330
17
  0
LAYOUT
  5
1E
330
D
100
AcDbPlotSettings
  1

  2
DWG to PDF.pc3
  4
ezdxf_(420.00_x_297.00_MM)
  6

 40
0.0
 41
0.0
 42
0.0
 43
0.0
 44
420.0
 45
297.0
 46
0.0
 47
0.0
 48
0.0
 49
0.0
140
0.0
141
0.0
142
1.0
143
1.0
 70
672
 72
1
 73
0
 74
5
  7

 75
16
 76
0
 77
2
 78
300
147
1.0
148
0.0
149
0.0
100
AcDbLayout
  1
Лист 1
 70
1
 71
1
 10
-0.0
 20
-0.0
 11
420.0
 21
297.0
 12
0.0
 22
0.0
 32
0.0
 14
1e+20
 24
1e+20
 34
1e+20
 15
-1e+20
 25
-1e+20
 35
-1e+20
146
0.0
 13
0.0
 23
0.0
 33
0.0
 16
1.0
 26
0.0
 36
0.0
 17
0.0
 27
1.0
 37
0.0
 76
1
330
1B
331
244
  0
MATERIAL
  5
1F
102
{ACAD_REACTORS
330
E
102
}
330
E
100
AcDbMaterial
  1
ByBlock
  2

 70
0
 40
1.0
 71
1
 41
1.0
 91
-1023410177
 42
1.0
 72
1
  3

 73
1
 74
1
 75
1
 44
0.5
 73
0
 45
1.0
 46
1.0
 77
1
  4

 78
1
 79
1
170
1
 48
1.0
171
1
  6

172
1
173
1
174
1
140
1.0
141
1.0
175
1
  7

176
1
177
1
178
1
143
1.0
179
1
  8

270
1
271
1
272
1
145
1.0
146
1.0
273
1
  9

274
1
275
1
276
1
 42
1.0
 72
1
  3

 73
1
 74
1
 75
1
 94
63
  0
MATERIAL
  5
20
102
{ACAD_REACTORS
330
E
102
}
330
E
100
AcDbMaterial
  1
ByLayer
  2

 70
0
 40
1.0
 71
1
 41
1.0
 91
-1023410177
 42
1.0
 72
1
  3

 73
1
 74
1
 75
1
 44
0.5
 73
0
 45
1.0
 46
1.0
 77
1
  4

 78
1
 79
1
170
1
 48
1.0
171
1
  6

172
1
173
1
174
1
140
1.0
141
1.0
175
1
  7

176
1
177
1
178
1
143
1.0
179
1
  8

270
1
271
1
272
1
145
1.0
146
1.0
273
1
  9

274
1
275
1
276
1
 42
1.0
 72
1
  3

 73
1
 74
1
 75
1
 94
63
  0
MATERIAL
  5
21
102
{ACAD_REACTORS
330
E
102
}
330
E
100
AcDbMaterial
  1
Global
  2

 70
0
 40
1.0
 71
1
 41
1.0
 91
-1023410177
 42
1.0
 72
1
  3

 73
1
 74
1
 75
1
 44
0.5
 73
0
 45
1.0
 46
1.0
 77
1
  4

 78
1
 79
1
170
1
 48
1.0
171
1
  6

172
1
173
1
174
1
140
1.0
141
1.0
175
1
  7

176
1
177
1
178
1
143
1.0
179
1
  8

270
1
271
1
272
1
145
1.0
146
1.0
273
1
  9

274
1
275
1
276
1
 42
1.0
 72
1
  3

 73
1
 74
1
 75
1
 94
63
  0
MLINESTYLE
  5
22
102
{ACAD_REACTORS
330
10
102
}
330
10
100
AcDbMlineStyle
  2
Standard
 70
0
  3

 62
256
 51
90.0
 52
90.0
 71
2
 49
0.5
 62
256
  6
BYLAYER
 49
-0.5
 62
256
  6
BYLAYER
  0
MLEADERSTYLE
  5
2C
102
{ACAD_REACTORS
330
F
102
}
330
F
100
AcDbMLeaderStyle
179
2
170
2
171
1
172
0
 90
2
 40
0.0
 41
0.0
173
1
 91
-1056964608
 92
-2
290
1
 42
2.0
291
1
 43
8.0
  3
Standard
 44
4.0
300

342
29
174
1
175
1
176
0
178
1
 93
-1056964608
 45
4.0
292
0
297
0
 46
4.0
 94
-1056964608
 47
1.0
 49
1.0
140
1.0
294
1
141
0.0
177
0
142
1.0
295
0
296
0
143
3.75
271
0
272
9
273
9
  0
DICTIONARY
  5
2D
330
A
100
AcDbDictionary
280
1
281
1
  3
CREATED_BY_EZDXF
350
2E
  3
WRITTEN_BY_EZDXF
350
58E
  0
DICTIONARYVAR
  5
2E
330
2D
100
DictionaryVariables
280
0
  1
1.4.4 @ 2026-10-06T13:41:01.522537+00:00
  0
LAYOUT
  5
4DB
330
D
100
AcDbPlotSettings
  1

  2
DWG to PDF.pc3
  4
ezdxf_(420.00_x_297.00_MM)
  6

 40
0.0
 41
0.0
 42
0.0
 43
0.0
 44
420.0
 45
297.0
 46
0.0
 47
0.0
 48
0.0
 49
0.0
140
0.0
141
0.0
142
1.0
143
1.0
 70
672
 72
1
 73
0
 74
5
  7

 75
16
 76
0
 77
2
 78
300
147
1.0
148
0.0
149
0.0
100
AcDbLayout
  1
Лист 2
 70
1
 71
3
 10
-0.0
 20
-0.0
 11
420.0
 21
297.0
 12
0.0
 22
0.0
 32
0.0
 14
1e+20
 24
1e+20
 34
1e+20
 15
-1e+20
 25
-1e+20
 35
-1e+20
146
0.0
 13
0.0
 23
0.0
 33
0.0
 16
1.0
 26
0.0
 36
0.0
 17
0.0
 27
1.0
 37
0.0
 76
1
330
4D8
331
4DC
  0
DICTIONARYVAR
  5
58E
330
2D
100
DictionaryVariables
280
0
  1
1.4.4 @ 2026-10-06T13:41:01.584578+00:00
  0
ENDSEC
  0
EOF
